{"nm":"Loader 2","ddd":0,"h":382,"w":382,"meta":{"g":"LottieFiles Figma v67"},"layers":[{"ty":4,"nm":"Ellipse 6846","sr":1,"st":0,"op":100.2,"ip":0,"hd":false,"ddd":0,"bm":0,"hasMask":false,"ao":0,"ks":{"a":{"a":1,"k":[{"o":{"x":0.33,"y":1},"i":{"x":0.68,"y":1},"s":[14.77,6.46],"t":0},{"o":{"x":0.33,"y":1},"i":{"x":0.68,"y":1},"s":[14.77,6.46],"t":36},{"o":{"x":0.33,"y":1},"i":{"x":0.68,"y":1},"s":[14.77,6.46],"t":37},{"o":{"x":0,"y":0},"i":{"x":1,"y":1},"s":[10.48,5.91],"t":55},{"o":{"x":0,"y":0},"i":{"x":1,"y":1},"s":[10.48,8.8],"t":67},{"o":{"x":0.33,"y":1},"i":{"x":0.68,"y":1},"s":[10.48,8.8],"t":68},{"o":{"x":0,"y":0},"i":{"x":1,"y":1},"s":[10.48,8.8],"t":87},{"s":[10.48,8.8],"t":99}]},"s":{"a":1,"k":[{"o":{"x":0.33,"y":1},"i":{"x":0.68,"y":1},"s":[100,100],"t":0},{"o":{"x":0.33,"y":1},"i":{"x":0.68,"y":1},"s":[100,100],"t":36},{"o":{"x":0.33,"y":1},"i":{"x":0.68,"y":1},"s":[100,100],"t":37},{"o":{"x":0,"y":0},"i":{"x":1,"y":1},"s":[100,100],"t":55},{"o":{"x":0,"y":0},"i":{"x":1,"y":1},"s":[100,100],"t":67},{"o":{"x":0.33,"y":1},"i":{"x":0.68,"y":1},"s":[100,100],"t":68},{"o":{"x":0,"y":0},"i":{"x":1,"y":1},"s":[100,100],"t":87},{"s":[100,100],"t":99}]},"sk":{"a":0,"k":0},"p":{"a":1,"k":[{"o":{"x":0.33,"y":1},"i":{"x":0.68,"y":1},"s":[203.49,299.46],"t":0},{"o":{"x":0.33,"y":1},"i":{"x":0.68,"y":1},"s":[203.49,299.46],"t":36},{"o":{"x":0.33,"y":1},"i":{"x":0.68,"y":1},"s":[203.49,299.46],"t":37},{"o":{"x":0,"y":0},"i":{"x":1,"y":1},"s":[198.09,183.64],"t":55},{"o":{"x":0,"y":0},"i":{"x":1,"y":1},"s":[195.86,295.48],"t":67},{"o":{"x":0.33,"y":1},"i":{"x":0.68,"y":1},"s":[195.86,295.48],"t":68},{"o":{"x":0,"y":0},"i":{"x":1,"y":1},"s":[195.86,295.48],"t":87},{"s":[195.86,295.48],"t":99}]},"r":{"a":1,"k":[{"o":{"x":0.33,"y":1},"i":{"x":0.68,"y":1},"s":[-1.37],"t":0},{"o":{"x":0.33,"y":1},"i":{"x":0.68,"y":1},"s":[-1.37],"t":36},{"o":{"x":0.33,"y":1},"i":{"x":0.68,"y":1},"s":[-1.37],"t":37},{"o":{"x":0,"y":0},"i":{"x":1,"y":1},"s":[-64.44],"t":55},{"o":{"x":0,"y":0},"i":{"x":1,"y":1},"s":[-120],"t":67},{"o":{"x":0.33,"y":1},"i":{"x":0.68,"y":1},"s":[-120],"t":68},{"o":{"x":0,"y":0},"i":{"x":1,"y":1},"s":[-120],"t":87},{"s":[-120],"t":99}]},"sa":{"a":0,"k":0},"o":{"a":1,"k":[{"o":{"x":0.33,"y":1},"i":{"x":0.68,"y":1},"s":[0],"t":0},{"o":{"x":0.33,"y":1},"i":{"x":0.68,"y":1},"s":[0],"t":36},{"o":{"x":0.33,"y":1},"i":{"x":0.68,"y":1},"s":[100],"t":37},{"o":{"x":0,"y":0},"i":{"x":1,"y":1},"s":[100],"t":55},{"o":{"x":0,"y":0},"i":{"x":1,"y":1},"s":[100],"t":67},{"o":{"x":0.33,"y":1},"i":{"x":0.68,"y":1},"s":[0],"t":68},{"o":{"x":0,"y":0},"i":{"x":1,"y":1},"s":[0],"t":87},{"s":[0],"t":99}]}},"shapes":[{"ty":"sh","bm":0,"hd":false,"nm":"","d":1,"ks":{"a":1,"k":[{"o":{"x":0.33,"y":1},"i":{"x":0.68,"y":1},"s":[{"c":true,"i":[[0,0],[8.6,0],[3.96,6.11],[-8.6,0],[0,-6.7]],"o":[[-3.05,6.95],[-8.6,0],[0,-6.7],[8.6,0],[0,0]],"v":[[29.53,4.15],[15.68,12.91],[0,4.1],[16.96,0.93],[29.53,4.15]]}],"t":0},{"o":{"x":0.33,"y":1},"i":{"x":0.68,"y":1},"s":[{"c":true,"i":[[0,0],[8.6,0],[3.96,6.11],[-8.6,0],[0,-6.7]],"o":[[-3.05,6.95],[-8.6,0],[0,-6.7],[8.6,0],[0,0]],"v":[[29.53,4.15],[15.68,12.91],[0,4.1],[16.96,0.93],[29.53,4.15]]}],"t":36},{"o":{"x":0.33,"y":1},"i":{"x":0.68,"y":1},"s":[{"c":true,"i":[[0,0],[8.6,0],[3.96,6.11],[-8.6,0],[0,-6.7]],"o":[[-3.05,6.95],[-8.6,0],[0,-6.7],[8.6,0],[0,0]],"v":[[29.53,4.15],[15.68,12.91],[0,4.1],[16.96,0.93],[29.53,4.15]]}],"t":37},{"o":{"x":0,"y":0},"i":{"x":1,"y":1},"s":[{"c":true,"i":[[0,0],[6.1,0],[2.81,6.11],[-6.1,0],[0,-6.7]],"o":[[-2.17,6.95],[-6.1,0],[0,-6.7],[6.1,0],[0,0]],"v":[[20.96,3.06],[11.13,11.83],[0,3.02],[10.84,2.87],[20.96,3.06]]}],"t":55},{"o":{"x":0,"y":0},"i":{"x":1,"y":1},"s":[{"c":true,"i":[[0,0],[6.1,0],[2.81,6.11],[-6.1,0],[0,-6.7]],"o":[[-2.17,6.95],[-6.1,0],[0,-6.7],[6.1,0],[0,0]],"v":[[20.96,8.83],[11.13,17.6],[0,8.79],[11.49,0],[20.96,8.83]]}],"t":67},{"o":{"x":0.33,"y":1},"i":{"x":0.68,"y":1},"s":[{"c":true,"i":[[0,0],[6.1,0],[2.81,6.11],[-6.1,0],[0,-6.7]],"o":[[-2.17,6.95],[-6.1,0],[0,-6.7],[6.1,0],[0,0]],"v":[[20.96,8.83],[11.13,17.6],[0,8.79],[11.49,0],[20.96,8.83]]}],"t":68},{"o":{"x":0,"y":0},"i":{"x":1,"y":1},"s":[{"c":true,"i":[[0,0],[6.1,0],[2.81,6.11],[-6.1,0],[0,-6.7]],"o":[[-2.17,6.95],[-6.1,0],[0,-6.7],[6.1,0],[0,0]],"v":[[20.96,8.83],[11.13,17.6],[0,8.79],[11.49,0],[20.96,8.83]]}],"t":87},{"s":[{"c":true,"i":[[0,0],[6.1,0],[2.81,6.11],[-6.1,0],[0,-6.7]],"o":[[-2.17,6.95],[-6.1,0],[0,-6.7],[6.1,0],[0,0]],"v":[[20.96,8.83],[11.13,17.6],[0,8.79],[11.49,0],[20.96,8.83]]}],"t":99}]}},{"ty":"fl","bm":0,"hd":false,"nm":"","c":{"a":1,"k":[{"o":{"x":0.33,"y":1},"i":{"x":0.68,"y":1},"s":[0.1696,0.1696,0.1696],"t":0},{"o":{"x":0.33,"y":1},"i":{"x":0.68,"y":1},"s":[0.1696,0.1696,0.1696],"t":36},{"o":{"x":0.33,"y":1},"i":{"x":0.68,"y":1},"s":[0.1696,0.1696,0.1696],"t":37},{"o":{"x":0,"y":0},"i":{"x":1,"y":1},"s":[0.1696,0.1696,0.1696],"t":55},{"o":{"x":0,"y":0},"i":{"x":1,"y":1},"s":[0.1696,0.1696,0.1696],"t":67},{"o":{"x":0.33,"y":1},"i":{"x":0.68,"y":1},"s":[0.1696,0.1696,0.1696],"t":68},{"o":{"x":0,"y":0},"i":{"x":1,"y":1},"s":[0.1696,0.1696,0.1696],"t":87},{"s":[0.1696,0.1696,0.1696],"t":99}]},"r":1,"o":{"a":1,"k":[{"o":{"x":0.33,"y":1},"i":{"x":0.68,"y":1},"s":[100],"t":0},{"o":{"x":0.33,"y":1},"i":{"x":0.68,"y":1},"s":[100],"t":36},{"o":{"x":0.33,"y":1},"i":{"x":0.68,"y":1},"s":[100],"t":37},{"o":{"x":0,"y":0},"i":{"x":1,"y":1},"s":[100],"t":55},{"o":{"x":0,"y":0},"i":{"x":1,"y":1},"s":[100],"t":67},{"o":{"x":0.33,"y":1},"i":{"x":0.68,"y":1},"s":[100],"t":68},{"o":{"x":0,"y":0},"i":{"x":1,"y":1},"s":[100],"t":87},{"s":[100],"t":99}]}}],"ind":1},{"ty":4,"nm":"Ellipse 6845","sr":1,"st":0,"op":100.2,"ip":0,"hd":false,"ddd":0,"bm":0,"hasMask":false,"ao":0,"ks":{"a":{"a":1,"k":[{"o":{"x":0.33,"y":1},"i":{"x":0.68,"y":1},"s":[2.58,2.5],"t":0},{"o":{"x":0,"y":0},"i":{"x":1,"y":1},"s":[2.56,1.99],"t":21},{"o":{"x":0,"y":0},"i":{"x":1,"y":1},"s":[2.58,2.5],"t":36},{"o":{"x":0.33,"y":1},"i":{"x":0.68,"y":1},"s":[2.58,2.5],"t":37},{"o":{"x":0,"y":0},"i":{"x":1,"y":1},"s":[2.56,2.02],"t":55},{"o":{"x":0,"y":0},"i":{"x":1,"y":1},"s":[2.58,2.5],"t":67},{"o":{"x":0.33,"y":1},"i":{"x":0.68,"y":1},"s":[2.58,2.5],"t":68},{"o":{"x":0,"y":0},"i":{"x":1,"y":1},"s":[2.58,2.5],"t":87},{"s":[2.58,2.5],"t":99}]},"s":{"a":1,"k":[{"o":{"x":0.33,"y":1},"i":{"x":0.68,"y":1},"s":[100,100],"t":0},{"o":{"x":0,"y":0},"i":{"x":1,"y":1},"s":[100,100],"t":21},{"o":{"x":0,"y":0},"i":{"x":1,"y":1},"s":[100,100],"t":36},{"o":{"x":0.33,"y":1},"i":{"x":0.68,"y":1},"s":[100,100],"t":37},{"o":{"x":0,"y":0},"i":{"x":1,"y":1},"s":[100,100],"t":55},{"o":{"x":0,"y":0},"i":{"x":1,"y":1},"s":[100,100],"t":67},{"o":{"x":0.33,"y":1},"i":{"x":0.68,"y":1},"s":[100,100],"t":68},{"o":{"x":0,"y":0},"i":{"x":1,"y":1},"s":[100,100],"t":87},{"s":[100,100],"t":99}]},"sk":{"a":0,"k":0},"p":{"a":1,"k":[{"o":{"x":0.33,"y":1},"i":{"x":0.68,"y":1},"s":[169.01,286.95],"t":0},{"o":{"x":0,"y":0},"i":{"x":1,"y":1},"s":[181.83,205.85],"t":21},{"o":{"x":0,"y":0},"i":{"x":1,"y":1},"s":[199.01,281.95],"t":36},{"o":{"x":0.33,"y":1},"i":{"x":0.68,"y":1},"s":[199.01,281.95],"t":37},{"o":{"x":0,"y":0},"i":{"x":1,"y":1},"s":[179.61,184.16],"t":55},{"o":{"x":0,"y":0},"i":{"x":1,"y":1},"s":[182.85,309.42],"t":67},{"o":{"x":0.33,"y":1},"i":{"x":0.68,"y":1},"s":[182.85,309.42],"t":68},{"o":{"x":0,"y":0},"i":{"x":1,"y":1},"s":[190.55,189.91],"t":87},{"s":[181.19,304.19],"t":99}]},"r":{"a":1,"k":[{"o":{"x":0.33,"y":1},"i":{"x":0.68,"y":1},"s":[-11.06],"t":0},{"o":{"x":0,"y":0},"i":{"x":1,"y":1},"s":[-8.73],"t":21},{"o":{"x":0,"y":0},"i":{"x":1,"y":1},"s":[-11.06],"t":36},{"o":{"x":0.33,"y":1},"i":{"x":0.68,"y":1},"s":[-11.06],"t":37},{"o":{"x":0,"y":0},"i":{"x":1,"y":1},"s":[-64.11],"t":55},{"o":{"x":0,"y":0},"i":{"x":1,"y":1},"s":[-122.36],"t":67},{"o":{"x":0.33,"y":1},"i":{"x":0.68,"y":1},"s":[-122.36],"t":68},{"o":{"x":0,"y":0},"i":{"x":1,"y":1},"s":[-9.19],"t":87},{"s":[14.89],"t":99}]},"sa":{"a":0,"k":0},"o":{"a":1,"k":[{"o":{"x":0.33,"y":1},"i":{"x":0.68,"y":1},"s":[100],"t":0},{"o":{"x":0,"y":0},"i":{"x":1,"y":1},"s":[100],"t":21},{"o":{"x":0,"y":0},"i":{"x":1,"y":1},"s":[100],"t":36},{"o":{"x":0.33,"y":1},"i":{"x":0.68,"y":1},"s":[100],"t":37},{"o":{"x":0,"y":0},"i":{"x":1,"y":1},"s":[100],"t":55},{"o":{"x":0,"y":0},"i":{"x":1,"y":1},"s":[100],"t":67},{"o":{"x":0.33,"y":1},"i":{"x":0.68,"y":1},"s":[100],"t":68},{"o":{"x":0,"y":0},"i":{"x":1,"y":1},"s":[100],"t":87},{"s":[100],"t":99}]}},"shapes":[{"ty":"sh","bm":0,"hd":false,"nm":"","d":1,"ks":{"a":1,"k":[{"o":{"x":0.33,"y":1},"i":{"x":0.68,"y":1},"s":[{"c":true,"i":[[0,0],[1.42,0],[0,1.38],[-1.42,0],[0,-1.38]],"o":[[0,1.38],[-1.42,0],[0,-1.38],[1.42,0],[0,0]],"v":[[5.15,2.5],[2.58,5],[0,2.5],[2.58,0],[5.15,2.5]]}],"t":0},{"o":{"x":0,"y":0},"i":{"x":1,"y":1},"s":[{"c":true,"i":[[0,0],[1.41,0],[0,1.1],[-1.41,0],[0,-1.1]],"o":[[0,1.1],[-1.41,0],[0,-1.1],[1.41,0],[0,0]],"v":[[5.12,1.99],[2.56,3.97],[0,1.99],[2.56,0],[5.12,1.99]]}],"t":21},{"o":{"x":0,"y":0},"i":{"x":1,"y":1},"s":[{"c":true,"i":[[0,0],[1.42,0],[0,1.38],[-1.42,0],[0,-1.38]],"o":[[0,1.38],[-1.42,0],[0,-1.38],[1.42,0],[0,0]],"v":[[5.15,2.5],[2.58,5],[0,2.5],[2.58,0],[5.15,2.5]]}],"t":36},{"o":{"x":0.33,"y":1},"i":{"x":0.68,"y":1},"s":[{"c":true,"i":[[0,0],[1.42,0],[0,1.38],[-1.42,0],[0,-1.38]],"o":[[0,1.38],[-1.42,0],[0,-1.38],[1.42,0],[0,0]],"v":[[5.15,2.5],[2.58,5],[0,2.5],[2.58,0],[5.15,2.5]]}],"t":37},{"o":{"x":0,"y":0},"i":{"x":1,"y":1},"s":[{"c":true,"i":[[0,0],[1.42,0],[0,1.11],[-1.42,0],[0,-1.11]],"o":[[0,1.11],[-1.42,0],[0,-1.11],[1.42,0],[0,0]],"v":[[5.12,2.02],[2.56,4.03],[0,2.02],[2.56,0],[5.12,2.02]]}],"t":55},{"o":{"x":0,"y":0},"i":{"x":1,"y":1},"s":[{"c":true,"i":[[0,0],[1.42,0],[0,1.38],[-1.42,0],[0,-1.38]],"o":[[0,1.38],[-1.42,0],[0,-1.38],[1.42,0],[0,0]],"v":[[5.15,2.5],[2.58,5],[0,2.5],[2.58,0],[5.15,2.5]]}],"t":67},{"o":{"x":0.33,"y":1},"i":{"x":0.68,"y":1},"s":[{"c":true,"i":[[0,0],[1.42,0],[0,1.38],[-1.42,0],[0,-1.38]],"o":[[0,1.38],[-1.42,0],[0,-1.38],[1.42,0],[0,0]],"v":[[5.15,2.5],[2.58,5],[0,2.5],[2.58,0],[5.15,2.5]]}],"t":68},{"o":{"x":0,"y":0},"i":{"x":1,"y":1},"s":[{"c":true,"i":[[0,0],[1.42,0],[0,1.38],[-1.42,0],[0,-1.38]],"o":[[0,1.38],[-1.42,0],[0,-1.38],[1.42,0],[0,0]],"v":[[5.15,2.5],[2.58,5],[0,2.5],[2.58,0],[5.15,2.5]]}],"t":87},{"s":[{"c":true,"i":[[0,0],[1.42,0],[0,1.38],[-1.42,0],[0,-1.38]],"o":[[0,1.38],[-1.42,0],[0,-1.38],[1.42,0],[0,0]],"v":[[5.15,2.5],[2.58,5],[0,2.5],[2.58,0],[5.15,2.5]]}],"t":99}]}},{"ty":"fl","bm":0,"hd":false,"nm":"","c":{"a":1,"k":[{"o":{"x":0.33,"y":1},"i":{"x":0.68,"y":1},"s":[0,0,0],"t":0},{"o":{"x":0,"y":0},"i":{"x":1,"y":1},"s":[0,0,0],"t":21},{"o":{"x":0,"y":0},"i":{"x":1,"y":1},"s":[0,0,0],"t":36},{"o":{"x":0.33,"y":1},"i":{"x":0.68,"y":1},"s":[0.1696,0.1696,0.1696],"t":37},{"o":{"x":0,"y":0},"i":{"x":1,"y":1},"s":[0.1696,0.1696,0.1696],"t":55},{"o":{"x":0,"y":0},"i":{"x":1,"y":1},"s":[0,0,0],"t":67},{"o":{"x":0.33,"y":1},"i":{"x":0.68,"y":1},"s":[0.229,0.229,0.229],"t":68},{"o":{"x":0,"y":0},"i":{"x":1,"y":1},"s":[0.1696,0.1696,0.1696],"t":87},{"s":[0.1696,0.1696,0.1696],"t":99}]},"r":1,"o":{"a":1,"k":[{"o":{"x":0.33,"y":1},"i":{"x":0.68,"y":1},"s":[100],"t":0},{"o":{"x":0,"y":0},"i":{"x":1,"y":1},"s":[100],"t":21},{"o":{"x":0,"y":0},"i":{"x":1,"y":1},"s":[100],"t":36},{"o":{"x":0.33,"y":1},"i":{"x":0.68,"y":1},"s":[100],"t":37},{"o":{"x":0,"y":0},"i":{"x":1,"y":1},"s":[100],"t":55},{"o":{"x":0,"y":0},"i":{"x":1,"y":1},"s":[100],"t":67},{"o":{"x":0.33,"y":1},"i":{"x":0.68,"y":1},"s":[100],"t":68},{"o":{"x":0,"y":0},"i":{"x":1,"y":1},"s":[100],"t":87},{"s":[100],"t":99}]}}],"ind":2},{"ty":4,"nm":"Ellipse 6844","sr":1,"st":0,"op":100.2,"ip":0,"hd":false,"ddd":0,"bm":0,"hasMask":false,"ao":0,"ks":{"a":{"a":1,"k":[{"o":{"x":0.33,"y":1},"i":{"x":0.68,"y":1},"s":[2.58,2.5],"t":0},{"o":{"x":0,"y":0},"i":{"x":1,"y":1},"s":[2.56,1.99],"t":21},{"o":{"x":0,"y":0},"i":{"x":1,"y":1},"s":[2.58,2.5],"t":36},{"o":{"x":0.33,"y":1},"i":{"x":0.68,"y":1},"s":[2.58,2.5],"t":37},{"o":{"x":0,"y":0},"i":{"x":1,"y":1},"s":[2.56,2.02],"t":55},{"o":{"x":0,"y":0},"i":{"x":1,"y":1},"s":[2.58,2.5],"t":67},{"o":{"x":0.33,"y":1},"i":{"x":0.68,"y":1},"s":[2.58,2.5],"t":68},{"o":{"x":0,"y":0},"i":{"x":1,"y":1},"s":[2.58,2.5],"t":87},{"s":[2.58,2.5],"t":99}]},"s":{"a":1,"k":[{"o":{"x":0.33,"y":1},"i":{"x":0.68,"y":1},"s":[100,100],"t":0},{"o":{"x":0,"y":0},"i":{"x":1,"y":1},"s":[100,100],"t":21},{"o":{"x":0,"y":0},"i":{"x":1,"y":1},"s":[100,100],"t":36},{"o":{"x":0.33,"y":1},"i":{"x":0.68,"y":1},"s":[100,100],"t":37},{"o":{"x":0,"y":0},"i":{"x":1,"y":1},"s":[100,100],"t":55},{"o":{"x":0,"y":0},"i":{"x":1,"y":1},"s":[100,100],"t":67},{"o":{"x":0.33,"y":1},"i":{"x":0.68,"y":1},"s":[100,100],"t":68},{"o":{"x":0,"y":0},"i":{"x":1,"y":1},"s":[100,100],"t":87},{"s":[100,100],"t":99}]},"sk":{"a":0,"k":0},"p":{"a":1,"k":[{"o":{"x":0.33,"y":1},"i":{"x":0.68,"y":1},"s":[190.01,281.95],"t":0},{"o":{"x":0,"y":0},"i":{"x":1,"y":1},"s":[202.83,206.64],"t":21},{"o":{"x":0,"y":0},"i":{"x":1,"y":1},"s":[220.01,280.95],"t":36},{"o":{"x":0.33,"y":1},"i":{"x":0.68,"y":1},"s":[220.01,280.95],"t":37},{"o":{"x":0,"y":0},"i":{"x":1,"y":1},"s":[190.94,166.45],"t":55},{"o":{"x":0,"y":0},"i":{"x":1,"y":1},"s":[174.29,290.21],"t":67},{"o":{"x":0.33,"y":1},"i":{"x":0.68,"y":1},"s":[174.29,290.21],"t":68},{"o":{"x":0,"y":0},"i":{"x":1,"y":1},"s":[211.57,189.6],"t":87},{"s":[200.51,312.48],"t":99}]},"r":{"a":1,"k":[{"o":{"x":0.33,"y":1},"i":{"x":0.68,"y":1},"s":[-11.06],"t":0},{"o":{"x":0,"y":0},"i":{"x":1,"y":1},"s":[-8.73],"t":21},{"o":{"x":0,"y":0},"i":{"x":1,"y":1},"s":[-11.06],"t":36},{"o":{"x":0.33,"y":1},"i":{"x":0.68,"y":1},"s":[-11.06],"t":37},{"o":{"x":0,"y":0},"i":{"x":1,"y":1},"s":[-64.11],"t":55},{"o":{"x":0,"y":0},"i":{"x":1,"y":1},"s":[-122.36],"t":67},{"o":{"x":0.33,"y":1},"i":{"x":0.68,"y":1},"s":[-122.36],"t":68},{"o":{"x":0,"y":0},"i":{"x":1,"y":1},"s":[-9.19],"t":87},{"s":[14.89],"t":99}]},"sa":{"a":0,"k":0},"o":{"a":1,"k":[{"o":{"x":0.33,"y":1},"i":{"x":0.68,"y":1},"s":[100],"t":0},{"o":{"x":0,"y":0},"i":{"x":1,"y":1},"s":[100],"t":21},{"o":{"x":0,"y":0},"i":{"x":1,"y":1},"s":[100],"t":36},{"o":{"x":0.33,"y":1},"i":{"x":0.68,"y":1},"s":[100],"t":37},{"o":{"x":0,"y":0},"i":{"x":1,"y":1},"s":[100],"t":55},{"o":{"x":0,"y":0},"i":{"x":1,"y":1},"s":[100],"t":67},{"o":{"x":0.33,"y":1},"i":{"x":0.68,"y":1},"s":[100],"t":68},{"o":{"x":0,"y":0},"i":{"x":1,"y":1},"s":[100],"t":87},{"s":[100],"t":99}]}},"shapes":[{"ty":"sh","bm":0,"hd":false,"nm":"","d":1,"ks":{"a":1,"k":[{"o":{"x":0.33,"y":1},"i":{"x":0.68,"y":1},"s":[{"c":true,"i":[[0,0],[1.42,0],[0,1.38],[-1.42,0],[0,-1.38]],"o":[[0,1.38],[-1.42,0],[0,-1.38],[1.42,0],[0,0]],"v":[[5.15,2.5],[2.58,5],[0,2.5],[2.58,0],[5.15,2.5]]}],"t":0},{"o":{"x":0,"y":0},"i":{"x":1,"y":1},"s":[{"c":true,"i":[[0,0],[1.41,0],[0,1.1],[-1.41,0],[0,-1.1]],"o":[[0,1.1],[-1.41,0],[0,-1.1],[1.41,0],[0,0]],"v":[[5.12,1.99],[2.56,3.97],[0,1.99],[2.56,0],[5.12,1.99]]}],"t":21},{"o":{"x":0,"y":0},"i":{"x":1,"y":1},"s":[{"c":true,"i":[[0,0],[1.42,0],[0,1.38],[-1.42,0],[0,-1.38]],"o":[[0,1.38],[-1.42,0],[0,-1.38],[1.42,0],[0,0]],"v":[[5.15,2.5],[2.58,5],[0,2.5],[2.58,0],[5.15,2.5]]}],"t":36},{"o":{"x":0.33,"y":1},"i":{"x":0.68,"y":1},"s":[{"c":true,"i":[[0,0],[1.42,0],[0,1.38],[-1.42,0],[0,-1.38]],"o":[[0,1.38],[-1.42,0],[0,-1.38],[1.42,0],[0,0]],"v":[[5.15,2.5],[2.58,5],[0,2.5],[2.58,0],[5.15,2.5]]}],"t":37},{"o":{"x":0,"y":0},"i":{"x":1,"y":1},"s":[{"c":true,"i":[[0,0],[1.42,0],[0,1.11],[-1.42,0],[0,-1.11]],"o":[[0,1.11],[-1.42,0],[0,-1.11],[1.42,0],[0,0]],"v":[[5.12,2.02],[2.56,4.03],[0,2.02],[2.56,0],[5.12,2.02]]}],"t":55},{"o":{"x":0,"y":0},"i":{"x":1,"y":1},"s":[{"c":true,"i":[[0,0],[1.42,0],[0,1.38],[-1.42,0],[0,-1.38]],"o":[[0,1.38],[-1.42,0],[0,-1.38],[1.42,0],[0,0]],"v":[[5.15,2.5],[2.58,5],[0,2.5],[2.58,0],[5.15,2.5]]}],"t":67},{"o":{"x":0.33,"y":1},"i":{"x":0.68,"y":1},"s":[{"c":true,"i":[[0,0],[1.42,0],[0,1.38],[-1.42,0],[0,-1.38]],"o":[[0,1.38],[-1.42,0],[0,-1.38],[1.42,0],[0,0]],"v":[[5.15,2.5],[2.58,5],[0,2.5],[2.58,0],[5.15,2.5]]}],"t":68},{"o":{"x":0,"y":0},"i":{"x":1,"y":1},"s":[{"c":true,"i":[[0,0],[1.42,0],[0,1.38],[-1.42,0],[0,-1.38]],"o":[[0,1.38],[-1.42,0],[0,-1.38],[1.42,0],[0,0]],"v":[[5.15,2.5],[2.58,5],[0,2.5],[2.58,0],[5.15,2.5]]}],"t":87},{"s":[{"c":true,"i":[[0,0],[1.42,0],[0,1.38],[-1.42,0],[0,-1.38]],"o":[[0,1.38],[-1.42,0],[0,-1.38],[1.42,0],[0,0]],"v":[[5.15,2.5],[2.58,5],[0,2.5],[2.58,0],[5.15,2.5]]}],"t":99}]}},{"ty":"fl","bm":0,"hd":false,"nm":"","c":{"a":1,"k":[{"o":{"x":0.33,"y":1},"i":{"x":0.68,"y":1},"s":[0,0,0],"t":0},{"o":{"x":0,"y":0},"i":{"x":1,"y":1},"s":[0,0,0],"t":21},{"o":{"x":0,"y":0},"i":{"x":1,"y":1},"s":[0,0,0],"t":36},{"o":{"x":0.33,"y":1},"i":{"x":0.68,"y":1},"s":[0.1696,0.1696,0.1696],"t":37},{"o":{"x":0,"y":0},"i":{"x":1,"y":1},"s":[0.1696,0.1696,0.1696],"t":55},{"o":{"x":0,"y":0},"i":{"x":1,"y":1},"s":[0,0,0],"t":67},{"o":{"x":0.33,"y":1},"i":{"x":0.68,"y":1},"s":[0.229,0.229,0.229],"t":68},{"o":{"x":0,"y":0},"i":{"x":1,"y":1},"s":[0.1696,0.1696,0.1696],"t":87},{"s":[0.1696,0.1696,0.1696],"t":99}]},"r":1,"o":{"a":1,"k":[{"o":{"x":0.33,"y":1},"i":{"x":0.68,"y":1},"s":[100],"t":0},{"o":{"x":0,"y":0},"i":{"x":1,"y":1},"s":[100],"t":21},{"o":{"x":0,"y":0},"i":{"x":1,"y":1},"s":[100],"t":36},{"o":{"x":0.33,"y":1},"i":{"x":0.68,"y":1},"s":[100],"t":37},{"o":{"x":0,"y":0},"i":{"x":1,"y":1},"s":[100],"t":55},{"o":{"x":0,"y":0},"i":{"x":1,"y":1},"s":[100],"t":67},{"o":{"x":0.33,"y":1},"i":{"x":0.68,"y":1},"s":[100],"t":68},{"o":{"x":0,"y":0},"i":{"x":1,"y":1},"s":[100],"t":87},{"s":[100],"t":99}]}}],"ind":3},{"ty":4,"nm":"Ellipse 6843","sr":1,"st":0,"op":100.2,"ip":0,"hd":false,"ddd":0,"bm":0,"hasMask":false,"ao":0,"ks":{"a":{"a":1,"k":[{"o":{"x":0.33,"y":1},"i":{"x":0.68,"y":1},"s":[6.83,2.5],"t":0},{"o":{"x":0,"y":0},"i":{"x":1,"y":1},"s":[6.83,3.04],"t":21},{"o":{"x":0,"y":0},"i":{"x":1,"y":1},"s":[6.09,12.14],"t":36},{"o":{"x":0.33,"y":1},"i":{"x":0.68,"y":1},"s":[6.09,12.14],"t":37},{"o":{"x":0,"y":0},"i":{"x":1,"y":1},"s":[5.05,9.96],"t":55},{"o":{"x":0,"y":0},"i":{"x":1,"y":1},"s":[6.09,1.96],"t":67},{"o":{"x":0.33,"y":1},"i":{"x":0.68,"y":1},"s":[6.09,1.96],"t":68},{"o":{"x":0,"y":0},"i":{"x":1,"y":1},"s":[6.09,9.32],"t":87},{"s":[6.09,1.96],"t":99}]},"s":{"a":1,"k":[{"o":{"x":0.33,"y":1},"i":{"x":0.68,"y":1},"s":[100,100],"t":0},{"o":{"x":0,"y":0},"i":{"x":1,"y":1},"s":[100,100],"t":21},{"o":{"x":0,"y":0},"i":{"x":1,"y":1},"s":[100,100],"t":36},{"o":{"x":0.33,"y":1},"i":{"x":0.68,"y":1},"s":[100,100],"t":37},{"o":{"x":0,"y":0},"i":{"x":1,"y":1},"s":[100,100],"t":55},{"o":{"x":0,"y":0},"i":{"x":1,"y":1},"s":[100,100],"t":67},{"o":{"x":0.33,"y":1},"i":{"x":0.68,"y":1},"s":[100,100],"t":68},{"o":{"x":0,"y":0},"i":{"x":1,"y":1},"s":[100,100],"t":87},{"s":[100,100],"t":99}]},"sk":{"a":0,"k":0},"p":{"a":1,"k":[{"o":{"x":0.33,"y":1},"i":{"x":0.68,"y":1},"s":[183.18,298.76],"t":0},{"o":{"x":0,"y":0},"i":{"x":1,"y":1},"s":[192.9,218.21],"t":21},{"o":{"x":0,"y":0},"i":{"x":1,"y":1},"s":[209.38,303.28],"t":36},{"o":{"x":0.33,"y":1},"i":{"x":0.68,"y":1},"s":[209.38,303.28],"t":37},{"o":{"x":0,"y":0},"i":{"x":1,"y":1},"s":[202.15,187.32],"t":55},{"o":{"x":0,"y":0},"i":{"x":1,"y":1},"s":[189.57,295.93],"t":67},{"o":{"x":0.33,"y":1},"i":{"x":0.68,"y":1},"s":[189.57,295.93],"t":68},{"o":{"x":0,"y":0},"i":{"x":1,"y":1},"s":[200.24,208.75],"t":87},{"s":[185.41,318.65],"t":99}]},"r":{"a":1,"k":[{"o":{"x":0.33,"y":1},"i":{"x":0.68,"y":1},"s":[-11.06],"t":0},{"o":{"x":0,"y":0},"i":{"x":1,"y":1},"s":[-1.37],"t":21},{"o":{"x":0,"y":0},"i":{"x":1,"y":1},"s":[-1.37],"t":36},{"o":{"x":0.33,"y":1},"i":{"x":0.68,"y":1},"s":[-1.37],"t":37},{"o":{"x":0,"y":0},"i":{"x":1,"y":1},"s":[-60.24],"t":55},{"o":{"x":0,"y":0},"i":{"x":1,"y":1},"s":[-112.66],"t":67},{"o":{"x":0.33,"y":1},"i":{"x":0.68,"y":1},"s":[-112.66],"t":68},{"o":{"x":0,"y":0},"i":{"x":1,"y":1},"s":[0.51],"t":87},{"s":[24.59],"t":99}]},"sa":{"a":0,"k":0},"o":{"a":1,"k":[{"o":{"x":0.33,"y":1},"i":{"x":0.68,"y":1},"s":[100],"t":0},{"o":{"x":0,"y":0},"i":{"x":1,"y":1},"s":[100],"t":21},{"o":{"x":0,"y":0},"i":{"x":1,"y":1},"s":[100],"t":36},{"o":{"x":0.33,"y":1},"i":{"x":0.68,"y":1},"s":[0],"t":37},{"o":{"x":0,"y":0},"i":{"x":1,"y":1},"s":[100],"t":55},{"o":{"x":0,"y":0},"i":{"x":1,"y":1},"s":[0],"t":67},{"o":{"x":0.33,"y":1},"i":{"x":0.68,"y":1},"s":[100],"t":68},{"o":{"x":0,"y":0},"i":{"x":1,"y":1},"s":[100],"t":87},{"s":[100],"t":99}]}},"shapes":[{"ty":"sh","bm":0,"hd":false,"nm":"","d":1,"ks":{"a":1,"k":[{"o":{"x":0.33,"y":1},"i":{"x":0.68,"y":1},"s":[{"c":true,"i":[[0,0],[3.77,0],[0,1.38],[-3.77,0],[0,-1.38]],"o":[[0,1.38],[-3.77,0],[0,-1.38],[3.77,0],[0,0]],"v":[[13.66,2.5],[6.83,5],[0,2.5],[6.83,0],[13.66,2.5]]}],"t":0},{"o":{"x":0,"y":0},"i":{"x":1,"y":1},"s":[{"c":true,"i":[[0,0],[3.77,0],[0,1.68],[-3.77,0],[0,-1.68]],"o":[[0,1.68],[-3.77,0],[0,-1.68],[3.77,0],[0,0]],"v":[[13.66,3.04],[6.83,6.09],[0,3.04],[6.83,0],[13.66,3.04]]}],"t":21},{"o":{"x":0,"y":0},"i":{"x":1,"y":1},"s":[{"c":true,"i":[[0,0],[3.36,0],[0,6.7],[-3.36,0],[0,-6.7]],"o":[[0,6.7],[-3.36,0],[0,-6.7],[3.36,0],[0,0]],"v":[[12.18,12.14],[6.09,24.28],[0,12.14],[6.09,0],[12.18,12.14]]}],"t":36},{"o":{"x":0.33,"y":1},"i":{"x":0.68,"y":1},"s":[{"c":true,"i":[[0,0],[3.36,0],[0,6.7],[-3.36,0],[0,-6.7]],"o":[[0,6.7],[-3.36,0],[0,-6.7],[3.36,0],[0,0]],"v":[[12.18,12.14],[6.09,24.28],[0,12.14],[6.09,0],[12.18,12.14]]}],"t":37},{"o":{"x":0,"y":0},"i":{"x":1,"y":1},"s":[{"c":true,"i":[[0,0],[2.79,0],[0,5.5],[-2.79,0],[0,-5.5]],"o":[[0,5.5],[-2.79,0],[0,-5.5],[2.79,0],[0,0]],"v":[[10.09,9.96],[5.05,19.92],[0,9.96],[5.05,0],[10.09,9.96]]}],"t":55},{"o":{"x":0,"y":0},"i":{"x":1,"y":1},"s":[{"c":true,"i":[[0,0],[3.36,0],[0,1.08],[-3.36,0],[0,-1.08]],"o":[[0,1.08],[-3.36,0],[0,-1.08],[3.36,0],[0,0]],"v":[[12.18,1.96],[6.09,3.92],[0,1.96],[6.09,0],[12.18,1.96]]}],"t":67},{"o":{"x":0.33,"y":1},"i":{"x":0.68,"y":1},"s":[{"c":true,"i":[[0,0],[3.36,0],[0,1.08],[-3.36,0],[0,-1.08]],"o":[[0,1.08],[-3.36,0],[0,-1.08],[3.36,0],[0,0]],"v":[[12.18,1.96],[6.09,3.92],[0,1.96],[6.09,0],[12.18,1.96]]}],"t":68},{"o":{"x":0,"y":0},"i":{"x":1,"y":1},"s":[{"c":true,"i":[[0,0],[3.36,0],[0,5.15],[-3.36,0],[0,-5.15]],"o":[[0,5.15],[-3.36,0],[0,-5.15],[3.36,0],[0,0]],"v":[[12.18,9.32],[6.09,18.64],[0,9.32],[6.09,0],[12.18,9.32]]}],"t":87},{"s":[{"c":true,"i":[[0,0],[3.36,0],[0,1.08],[-3.36,0],[0,-1.08]],"o":[[0,1.08],[-3.36,0],[0,-1.08],[3.36,0],[0,0]],"v":[[12.18,1.96],[6.09,3.92],[0,1.96],[6.09,0],[12.18,1.96]]}],"t":99}]}},{"ty":"fl","bm":0,"hd":false,"nm":"","c":{"a":1,"k":[{"o":{"x":0.33,"y":1},"i":{"x":0.68,"y":1},"s":[0,0,0],"t":0},{"o":{"x":0,"y":0},"i":{"x":1,"y":1},"s":[0,0,0],"t":21},{"o":{"x":0,"y":0},"i":{"x":1,"y":1},"s":[0,0,0],"t":36},{"o":{"x":0.33,"y":1},"i":{"x":0.68,"y":1},"s":[0.1696,0.1696,0.1696],"t":37},{"o":{"x":0,"y":0},"i":{"x":1,"y":1},"s":[0.1696,0.1696,0.1696],"t":55},{"o":{"x":0,"y":0},"i":{"x":1,"y":1},"s":[0,0,0],"t":67},{"o":{"x":0.33,"y":1},"i":{"x":0.68,"y":1},"s":[0.1696,0.1696,0.1696],"t":68},{"o":{"x":0,"y":0},"i":{"x":1,"y":1},"s":[0.1696,0.1696,0.1696],"t":87},{"s":[0.1696,0.1696,0.1696],"t":99}]},"r":1,"o":{"a":1,"k":[{"o":{"x":0.33,"y":1},"i":{"x":0.68,"y":1},"s":[100],"t":0},{"o":{"x":0,"y":0},"i":{"x":1,"y":1},"s":[100],"t":21},{"o":{"x":0,"y":0},"i":{"x":1,"y":1},"s":[100],"t":36},{"o":{"x":0.33,"y":1},"i":{"x":0.68,"y":1},"s":[100],"t":37},{"o":{"x":0,"y":0},"i":{"x":1,"y":1},"s":[0],"t":55},{"o":{"x":0,"y":0},"i":{"x":1,"y":1},"s":[100],"t":67},{"o":{"x":0.33,"y":1},"i":{"x":0.68,"y":1},"s":[100],"t":68},{"o":{"x":0,"y":0},"i":{"x":1,"y":1},"s":[100],"t":87},{"s":[100],"t":99}]}}],"ind":4},{"ty":4,"nm":"Ellipse 6842","sr":1,"st":0,"op":100.2,"ip":0,"hd":false,"ddd":0,"bm":0,"hasMask":false,"ao":0,"ks":{"a":{"a":1,"k":[{"o":{"x":0.33,"y":1},"i":{"x":0.68,"y":1},"s":[7,7],"t":0},{"o":{"x":0,"y":0},"i":{"x":1,"y":1},"s":[7,5.5],"t":21},{"o":{"x":0,"y":0},"i":{"x":1,"y":1},"s":[7,7],"t":36},{"o":{"x":0.33,"y":1},"i":{"x":0.68,"y":1},"s":[7,7],"t":37},{"o":{"x":0,"y":0},"i":{"x":1,"y":1},"s":[7,5.6],"t":55},{"o":{"x":0,"y":0},"i":{"x":1,"y":1},"s":[7,7],"t":67},{"o":{"x":0.33,"y":1},"i":{"x":0.68,"y":1},"s":[7,7],"t":68},{"o":{"x":0,"y":0},"i":{"x":1,"y":1},"s":[7,7],"t":87},{"s":[7,7],"t":99}]},"s":{"a":1,"k":[{"o":{"x":0.33,"y":1},"i":{"x":0.68,"y":1},"s":[100,100],"t":0},{"o":{"x":0,"y":0},"i":{"x":1,"y":1},"s":[100,100],"t":21},{"o":{"x":0,"y":0},"i":{"x":1,"y":1},"s":[100,100],"t":36},{"o":{"x":0.33,"y":1},"i":{"x":0.68,"y":1},"s":[100,100],"t":37},{"o":{"x":0,"y":0},"i":{"x":1,"y":1},"s":[100,100],"t":55},{"o":{"x":0,"y":0},"i":{"x":1,"y":1},"s":[100,100],"t":67},{"o":{"x":0.33,"y":1},"i":{"x":0.68,"y":1},"s":[100,100],"t":68},{"o":{"x":0,"y":0},"i":{"x":1,"y":1},"s":[100,100],"t":87},{"s":[100,100],"t":99}]},"sk":{"a":0,"k":0},"p":{"a":1,"k":[{"o":{"x":0.33,"y":1},"i":{"x":0.68,"y":1},"s":[190,282],"t":0},{"o":{"x":0,"y":0},"i":{"x":1,"y":1},"s":[203,203.5],"t":21},{"o":{"x":0,"y":0},"i":{"x":1,"y":1},"s":[218,281],"t":36},{"o":{"x":0.33,"y":1},"i":{"x":0.68,"y":1},"s":[218,281],"t":37},{"o":{"x":0,"y":0},"i":{"x":1,"y":1},"s":[189.92,167.94],"t":55},{"o":{"x":0,"y":0},"i":{"x":1,"y":1},"s":[175.06,292.06],"t":67},{"o":{"x":0.33,"y":1},"i":{"x":0.68,"y":1},"s":[175.07,292.06],"t":68},{"o":{"x":0,"y":0},"i":{"x":1,"y":1},"s":[209.57,189.59],"t":87},{"s":[198.68,311.65],"t":99}]},"r":{"a":1,"k":[{"o":{"x":0.33,"y":1},"i":{"x":0.68,"y":1},"s":[0],"t":0},{"o":{"x":0,"y":0},"i":{"x":1,"y":1},"s":[0],"t":21},{"o":{"x":0,"y":0},"i":{"x":1,"y":1},"s":[0],"t":36},{"o":{"x":0.33,"y":1},"i":{"x":0.68,"y":1},"s":[0],"t":37},{"o":{"x":0,"y":0},"i":{"x":1,"y":1},"s":[-55.23],"t":55},{"o":{"x":0,"y":0},"i":{"x":1,"y":1},"s":[-111.3],"t":67},{"o":{"x":0.33,"y":1},"i":{"x":0.68,"y":1},"s":[-111.3],"t":68},{"o":{"x":0,"y":0},"i":{"x":1,"y":1},"s":[1.87],"t":87},{"s":[25.95],"t":99}]},"sa":{"a":0,"k":0},"o":{"a":1,"k":[{"o":{"x":0.33,"y":1},"i":{"x":0.68,"y":1},"s":[100],"t":0},{"o":{"x":0,"y":0},"i":{"x":1,"y":1},"s":[100],"t":21},{"o":{"x":0,"y":0},"i":{"x":1,"y":1},"s":[100],"t":36},{"o":{"x":0.33,"y":1},"i":{"x":0.68,"y":1},"s":[100],"t":37},{"o":{"x":0,"y":0},"i":{"x":1,"y":1},"s":[100],"t":55},{"o":{"x":0,"y":0},"i":{"x":1,"y":1},"s":[100],"t":67},{"o":{"x":0.33,"y":1},"i":{"x":0.68,"y":1},"s":[100],"t":68},{"o":{"x":0,"y":0},"i":{"x":1,"y":1},"s":[100],"t":87},{"s":[100],"t":99}]}},"shapes":[{"ty":"sh","bm":0,"hd":false,"nm":"","d":1,"ks":{"a":1,"k":[{"o":{"x":0.33,"y":1},"i":{"x":0.68,"y":1},"s":[{"c":true,"i":[[0,0],[3.87,0],[0,3.87],[-3.87,0],[0,-3.87]],"o":[[0,3.87],[-3.87,0],[0,-3.87],[3.87,0],[0,0]],"v":[[14,7],[7,14],[0,7],[7,0],[14,7]]}],"t":0},{"o":{"x":0,"y":0},"i":{"x":1,"y":1},"s":[{"c":true,"i":[[0,0],[3.87,0],[0,3.04],[-3.87,0],[0,-3.04]],"o":[[0,3.04],[-3.87,0],[0,-3.04],[3.87,0],[0,0]],"v":[[14,5.5],[7,11],[0,5.5],[7,0],[14,5.5]]}],"t":21},{"o":{"x":0,"y":0},"i":{"x":1,"y":1},"s":[{"c":true,"i":[[0,0],[3.87,0],[0,3.87],[-3.87,0],[0,-3.87]],"o":[[0,3.87],[-3.87,0],[0,-3.87],[3.87,0],[0,0]],"v":[[14,7],[7,14],[0,7],[7,0],[14,7]]}],"t":36},{"o":{"x":0.33,"y":1},"i":{"x":0.68,"y":1},"s":[{"c":true,"i":[[0,0],[3.87,0],[0,3.87],[-3.87,0],[0,-3.87]],"o":[[0,3.87],[-3.87,0],[0,-3.87],[3.87,0],[0,0]],"v":[[14,7],[7,14],[0,7],[7,0],[14,7]]}],"t":37},{"o":{"x":0,"y":0},"i":{"x":1,"y":1},"s":[{"c":true,"i":[[0,0],[3.87,0],[0,3.09],[-3.87,0],[0,-3.09]],"o":[[0,3.09],[-3.87,0],[0,-3.09],[3.87,0],[0,0]],"v":[[14,5.6],[7,11.2],[0,5.6],[7,0],[14,5.6]]}],"t":55},{"o":{"x":0,"y":0},"i":{"x":1,"y":1},"s":[{"c":true,"i":[[0,0],[3.87,0],[0,3.87],[-3.87,0],[0,-3.87]],"o":[[0,3.87],[-3.87,0],[0,-3.87],[3.87,0],[0,0]],"v":[[14,7],[7,14],[0,7],[7,0],[14,7]]}],"t":67},{"o":{"x":0.33,"y":1},"i":{"x":0.68,"y":1},"s":[{"c":true,"i":[[0,0],[3.87,0],[0,3.87],[-3.87,0],[0,-3.87]],"o":[[0,3.87],[-3.87,0],[0,-3.87],[3.87,0],[0,0]],"v":[[14,7],[7,14],[0,7],[7,0],[14,7]]}],"t":68},{"o":{"x":0,"y":0},"i":{"x":1,"y":1},"s":[{"c":true,"i":[[0,0],[3.87,0],[0,3.87],[-3.87,0],[0,-3.87]],"o":[[0,3.87],[-3.87,0],[0,-3.87],[3.87,0],[0,0]],"v":[[14,7],[7,14],[0,7],[7,0],[14,7]]}],"t":87},{"s":[{"c":true,"i":[[0,0],[3.87,0],[0,3.87],[-3.87,0],[0,-3.87]],"o":[[0,3.87],[-3.87,0],[0,-3.87],[3.87,0],[0,0]],"v":[[14,7],[7,14],[0,7],[7,0],[14,7]]}],"t":99}]}},{"ty":"fl","bm":0,"hd":false,"nm":"","c":{"a":1,"k":[{"o":{"x":0.33,"y":1},"i":{"x":0.68,"y":1},"s":[1,1,1],"t":0},{"o":{"x":0,"y":0},"i":{"x":1,"y":1},"s":[1,1,1],"t":21},{"o":{"x":0,"y":0},"i":{"x":1,"y":1},"s":[1,1,1],"t":36},{"o":{"x":0.33,"y":1},"i":{"x":0.68,"y":1},"s":[1,1,1],"t":37},{"o":{"x":0,"y":0},"i":{"x":1,"y":1},"s":[1,1,1],"t":55},{"o":{"x":0,"y":0},"i":{"x":1,"y":1},"s":[1,1,1],"t":67},{"o":{"x":0.33,"y":1},"i":{"x":0.68,"y":1},"s":[1,1,1],"t":68},{"o":{"x":0,"y":0},"i":{"x":1,"y":1},"s":[1,1,1],"t":87},{"s":[1,1,1],"t":99}]},"r":1,"o":{"a":1,"k":[{"o":{"x":0.33,"y":1},"i":{"x":0.68,"y":1},"s":[100],"t":0},{"o":{"x":0,"y":0},"i":{"x":1,"y":1},"s":[100],"t":21},{"o":{"x":0,"y":0},"i":{"x":1,"y":1},"s":[100],"t":36},{"o":{"x":0.33,"y":1},"i":{"x":0.68,"y":1},"s":[100],"t":37},{"o":{"x":0,"y":0},"i":{"x":1,"y":1},"s":[100],"t":55},{"o":{"x":0,"y":0},"i":{"x":1,"y":1},"s":[100],"t":67},{"o":{"x":0.33,"y":1},"i":{"x":0.68,"y":1},"s":[100],"t":68},{"o":{"x":0,"y":0},"i":{"x":1,"y":1},"s":[100],"t":87},{"s":[100],"t":99}]}}],"ind":5},{"ty":4,"nm":"Ellipse 6841","sr":1,"st":0,"op":100.2,"ip":0,"hd":false,"ddd":0,"bm":0,"hasMask":false,"ao":0,"ks":{"a":{"a":1,"k":[{"o":{"x":0.33,"y":1},"i":{"x":0.68,"y":1},"s":[7,7],"t":0},{"o":{"x":0,"y":0},"i":{"x":1,"y":1},"s":[7,5.5],"t":21},{"o":{"x":0,"y":0},"i":{"x":1,"y":1},"s":[7,7],"t":36},{"o":{"x":0.33,"y":1},"i":{"x":0.68,"y":1},"s":[7,7],"t":37},{"o":{"x":0,"y":0},"i":{"x":1,"y":1},"s":[7,5.6],"t":55},{"o":{"x":0,"y":0},"i":{"x":1,"y":1},"s":[7,7],"t":67},{"o":{"x":0.33,"y":1},"i":{"x":0.68,"y":1},"s":[7,7],"t":68},{"o":{"x":0,"y":0},"i":{"x":1,"y":1},"s":[7,7],"t":87},{"s":[7,7],"t":99}]},"s":{"a":1,"k":[{"o":{"x":0.33,"y":1},"i":{"x":0.68,"y":1},"s":[100,100],"t":0},{"o":{"x":0,"y":0},"i":{"x":1,"y":1},"s":[100,100],"t":21},{"o":{"x":0,"y":0},"i":{"x":1,"y":1},"s":[100,100],"t":36},{"o":{"x":0.33,"y":1},"i":{"x":0.68,"y":1},"s":[100,100],"t":37},{"o":{"x":0,"y":0},"i":{"x":1,"y":1},"s":[100,100],"t":55},{"o":{"x":0,"y":0},"i":{"x":1,"y":1},"s":[100,100],"t":67},{"o":{"x":0.33,"y":1},"i":{"x":0.68,"y":1},"s":[100,100],"t":68},{"o":{"x":0,"y":0},"i":{"x":1,"y":1},"s":[100,100],"t":87},{"s":[100,100],"t":99}]},"sk":{"a":0,"k":0},"p":{"a":1,"k":[{"o":{"x":0.33,"y":1},"i":{"x":0.68,"y":1},"s":[169,286],"t":0},{"o":{"x":0,"y":0},"i":{"x":1,"y":1},"s":[182,203.5],"t":21},{"o":{"x":0,"y":0},"i":{"x":1,"y":1},"s":[197,282],"t":36},{"o":{"x":0.33,"y":1},"i":{"x":0.68,"y":1},"s":[197,282],"t":37},{"o":{"x":0,"y":0},"i":{"x":1,"y":1},"s":[178.59,185.66],"t":55},{"o":{"x":0,"y":0},"i":{"x":1,"y":1},"s":[183.63,311.27],"t":67},{"o":{"x":0.33,"y":1},"i":{"x":0.68,"y":1},"s":[183.63,311.27],"t":68},{"o":{"x":0,"y":0},"i":{"x":1,"y":1},"s":[188.54,189.9],"t":87},{"s":[179.36,303.36],"t":99}]},"r":{"a":1,"k":[{"o":{"x":0.33,"y":1},"i":{"x":0.68,"y":1},"s":[0],"t":0},{"o":{"x":0,"y":0},"i":{"x":1,"y":1},"s":[0],"t":21},{"o":{"x":0,"y":0},"i":{"x":1,"y":1},"s":[0],"t":36},{"o":{"x":0.33,"y":1},"i":{"x":0.68,"y":1},"s":[0],"t":37},{"o":{"x":0,"y":0},"i":{"x":1,"y":1},"s":[-55.23],"t":55},{"o":{"x":0,"y":0},"i":{"x":1,"y":1},"s":[-111.3],"t":67},{"o":{"x":0.33,"y":1},"i":{"x":0.68,"y":1},"s":[-111.3],"t":68},{"o":{"x":0,"y":0},"i":{"x":1,"y":1},"s":[1.87],"t":87},{"s":[25.95],"t":99}]},"sa":{"a":0,"k":0},"o":{"a":1,"k":[{"o":{"x":0.33,"y":1},"i":{"x":0.68,"y":1},"s":[100],"t":0},{"o":{"x":0,"y":0},"i":{"x":1,"y":1},"s":[100],"t":21},{"o":{"x":0,"y":0},"i":{"x":1,"y":1},"s":[100],"t":36},{"o":{"x":0.33,"y":1},"i":{"x":0.68,"y":1},"s":[100],"t":37},{"o":{"x":0,"y":0},"i":{"x":1,"y":1},"s":[100],"t":55},{"o":{"x":0,"y":0},"i":{"x":1,"y":1},"s":[100],"t":67},{"o":{"x":0.33,"y":1},"i":{"x":0.68,"y":1},"s":[100],"t":68},{"o":{"x":0,"y":0},"i":{"x":1,"y":1},"s":[100],"t":87},{"s":[100],"t":99}]}},"shapes":[{"ty":"sh","bm":0,"hd":false,"nm":"","d":1,"ks":{"a":1,"k":[{"o":{"x":0.33,"y":1},"i":{"x":0.68,"y":1},"s":[{"c":true,"i":[[0,0],[3.87,0],[0,3.87],[-3.87,0],[0,-3.87]],"o":[[0,3.87],[-3.87,0],[0,-3.87],[3.87,0],[0,0]],"v":[[14,7],[7,14],[0,7],[7,0],[14,7]]}],"t":0},{"o":{"x":0,"y":0},"i":{"x":1,"y":1},"s":[{"c":true,"i":[[0,0],[3.87,0],[0,3.04],[-3.87,0],[0,-3.04]],"o":[[0,3.04],[-3.87,0],[0,-3.04],[3.87,0],[0,0]],"v":[[14,5.5],[7,11],[0,5.5],[7,0],[14,5.5]]}],"t":21},{"o":{"x":0,"y":0},"i":{"x":1,"y":1},"s":[{"c":true,"i":[[0,0],[3.87,0],[0,3.87],[-3.87,0],[0,-3.87]],"o":[[0,3.87],[-3.87,0],[0,-3.87],[3.87,0],[0,0]],"v":[[14,7],[7,14],[0,7],[7,0],[14,7]]}],"t":36},{"o":{"x":0.33,"y":1},"i":{"x":0.68,"y":1},"s":[{"c":true,"i":[[0,0],[3.87,0],[0,3.87],[-3.87,0],[0,-3.87]],"o":[[0,3.87],[-3.87,0],[0,-3.87],[3.87,0],[0,0]],"v":[[14,7],[7,14],[0,7],[7,0],[14,7]]}],"t":37},{"o":{"x":0,"y":0},"i":{"x":1,"y":1},"s":[{"c":true,"i":[[0,0],[3.87,0],[0,3.09],[-3.87,0],[0,-3.09]],"o":[[0,3.09],[-3.87,0],[0,-3.09],[3.87,0],[0,0]],"v":[[14,5.6],[7,11.2],[0,5.6],[7,0],[14,5.6]]}],"t":55},{"o":{"x":0,"y":0},"i":{"x":1,"y":1},"s":[{"c":true,"i":[[0,0],[3.87,0],[0,3.87],[-3.87,0],[0,-3.87]],"o":[[0,3.87],[-3.87,0],[0,-3.87],[3.87,0],[0,0]],"v":[[14,7],[7,14],[0,7],[7,0],[14,7]]}],"t":67},{"o":{"x":0.33,"y":1},"i":{"x":0.68,"y":1},"s":[{"c":true,"i":[[0,0],[3.87,0],[0,3.87],[-3.87,0],[0,-3.87]],"o":[[0,3.87],[-3.87,0],[0,-3.87],[3.87,0],[0,0]],"v":[[14,7],[7,14],[0,7],[7,0],[14,7]]}],"t":68},{"o":{"x":0,"y":0},"i":{"x":1,"y":1},"s":[{"c":true,"i":[[0,0],[3.87,0],[0,3.87],[-3.87,0],[0,-3.87]],"o":[[0,3.87],[-3.87,0],[0,-3.87],[3.87,0],[0,0]],"v":[[14,7],[7,14],[0,7],[7,0],[14,7]]}],"t":87},{"s":[{"c":true,"i":[[0,0],[3.87,0],[0,3.87],[-3.87,0],[0,-3.87]],"o":[[0,3.87],[-3.87,0],[0,-3.87],[3.87,0],[0,0]],"v":[[14,7],[7,14],[0,7],[7,0],[14,7]]}],"t":99}]}},{"ty":"fl","bm":0,"hd":false,"nm":"","c":{"a":1,"k":[{"o":{"x":0.33,"y":1},"i":{"x":0.68,"y":1},"s":[1,1,1],"t":0},{"o":{"x":0,"y":0},"i":{"x":1,"y":1},"s":[1,1,1],"t":21},{"o":{"x":0,"y":0},"i":{"x":1,"y":1},"s":[1,1,1],"t":36},{"o":{"x":0.33,"y":1},"i":{"x":0.68,"y":1},"s":[1,1,1],"t":37},{"o":{"x":0,"y":0},"i":{"x":1,"y":1},"s":[1,1,1],"t":55},{"o":{"x":0,"y":0},"i":{"x":1,"y":1},"s":[1,1,1],"t":67},{"o":{"x":0.33,"y":1},"i":{"x":0.68,"y":1},"s":[1,1,1],"t":68},{"o":{"x":0,"y":0},"i":{"x":1,"y":1},"s":[1,1,1],"t":87},{"s":[1,1,1],"t":99}]},"r":1,"o":{"a":1,"k":[{"o":{"x":0.33,"y":1},"i":{"x":0.68,"y":1},"s":[100],"t":0},{"o":{"x":0,"y":0},"i":{"x":1,"y":1},"s":[100],"t":21},{"o":{"x":0,"y":0},"i":{"x":1,"y":1},"s":[100],"t":36},{"o":{"x":0.33,"y":1},"i":{"x":0.68,"y":1},"s":[100],"t":37},{"o":{"x":0,"y":0},"i":{"x":1,"y":1},"s":[100],"t":55},{"o":{"x":0,"y":0},"i":{"x":1,"y":1},"s":[100],"t":67},{"o":{"x":0.33,"y":1},"i":{"x":0.68,"y":1},"s":[100],"t":68},{"o":{"x":0,"y":0},"i":{"x":1,"y":1},"s":[100],"t":87},{"s":[100],"t":99}]}}],"ind":6},{"ty":4,"nm":"Polygon 1","sr":1,"st":0,"op":100.2,"ip":0,"hd":false,"ddd":0,"bm":0,"hasMask":false,"ao":0,"ks":{"a":{"a":1,"k":[{"o":{"x":0.33,"y":1},"i":{"x":0.68,"y":1},"s":[58.05,58.05],"t":0},{"o":{"x":0,"y":0},"i":{"x":1,"y":1},"s":[58.05,58.05],"t":21},{"o":{"x":0,"y":0},"i":{"x":1,"y":1},"s":[58.05,58.05],"t":36},{"o":{"x":0.33,"y":1},"i":{"x":0.68,"y":1},"s":[58.05,58.05],"t":37},{"o":{"x":0,"y":0},"i":{"x":1,"y":1},"s":[58.05,58.05],"t":55},{"o":{"x":0,"y":0},"i":{"x":1,"y":1},"s":[58.05,58.05],"t":67},{"o":{"x":0.33,"y":1},"i":{"x":0.68,"y":1},"s":[58.05,58.05],"t":68},{"o":{"x":0,"y":0},"i":{"x":1,"y":1},"s":[58.05,58.05],"t":87},{"s":[58.05,58.05],"t":99}]},"s":{"a":1,"k":[{"o":{"x":0.33,"y":1},"i":{"x":0.68,"y":1},"s":[100,100],"t":0},{"o":{"x":0,"y":0},"i":{"x":1,"y":1},"s":[100,100],"t":21},{"o":{"x":0,"y":0},"i":{"x":1,"y":1},"s":[100,100],"t":36},{"o":{"x":0.33,"y":1},"i":{"x":0.68,"y":1},"s":[100,100],"t":37},{"o":{"x":0,"y":0},"i":{"x":1,"y":1},"s":[100,100],"t":55},{"o":{"x":0,"y":0},"i":{"x":1,"y":1},"s":[100,100],"t":67},{"o":{"x":0.33,"y":1},"i":{"x":0.68,"y":1},"s":[100,100],"t":68},{"o":{"x":0,"y":0},"i":{"x":1,"y":1},"s":[100,100],"t":87},{"s":[100,100],"t":99}]},"sk":{"a":0,"k":0},"p":{"a":1,"k":[{"o":{"x":0.33,"y":1},"i":{"x":0.68,"y":1},"s":[192.25,302.43],"t":0},{"o":{"x":0,"y":0},"i":{"x":1,"y":1},"s":[192.25,302.43],"t":21},{"o":{"x":0,"y":0},"i":{"x":1,"y":1},"s":[192.25,302.43],"t":36},{"o":{"x":0.33,"y":1},"i":{"x":0.68,"y":1},"s":[192.25,302.43],"t":37},{"o":{"x":0,"y":0},"i":{"x":1,"y":1},"s":[192.25,302.43],"t":55},{"o":{"x":0,"y":0},"i":{"x":1,"y":1},"s":[192.25,302.43],"t":67},{"o":{"x":0.33,"y":1},"i":{"x":0.68,"y":1},"s":[192.25,302.43],"t":68},{"o":{"x":0,"y":0},"i":{"x":1,"y":1},"s":[192.25,199.29],"t":87},{"s":[192.25,302.29],"t":99}]},"r":{"a":1,"k":[{"o":{"x":0.33,"y":1},"i":{"x":0.68,"y":1},"s":[-30],"t":0},{"o":{"x":0,"y":0},"i":{"x":1,"y":1},"s":[-30],"t":21},{"o":{"x":0,"y":0},"i":{"x":1,"y":1},"s":[-30],"t":36},{"o":{"x":0.33,"y":1},"i":{"x":0.68,"y":1},"s":[-30],"t":37},{"o":{"x":0,"y":0},"i":{"x":1,"y":1},"s":[-30],"t":55},{"o":{"x":0,"y":0},"i":{"x":1,"y":1},"s":[-30],"t":67},{"o":{"x":0.33,"y":1},"i":{"x":0.68,"y":1},"s":[-30],"t":68},{"o":{"x":0,"y":0},"i":{"x":1,"y":1},"s":[60],"t":87},{"s":[150],"t":99}]},"sa":{"a":0,"k":0},"o":{"a":1,"k":[{"o":{"x":0.33,"y":1},"i":{"x":0.68,"y":1},"s":[0],"t":0},{"o":{"x":0,"y":0},"i":{"x":1,"y":1},"s":[0],"t":21},{"o":{"x":0,"y":0},"i":{"x":1,"y":1},"s":[0],"t":36},{"o":{"x":0.33,"y":1},"i":{"x":0.68,"y":1},"s":[0],"t":37},{"o":{"x":0,"y":0},"i":{"x":1,"y":1},"s":[0],"t":55},{"o":{"x":0,"y":0},"i":{"x":1,"y":1},"s":[0],"t":67},{"o":{"x":0.33,"y":1},"i":{"x":0.68,"y":1},"s":[100],"t":68},{"o":{"x":0,"y":0},"i":{"x":1,"y":1},"s":[100],"t":87},{"s":[100],"t":99}]}},"shapes":[{"ty":"sh","bm":0,"hd":false,"nm":"","d":1,"ks":{"a":1,"k":[{"o":{"x":0.33,"y":1},"i":{"x":0.68,"y":1},"s":[{"c":true,"i":[[0,0],[-3.85,-6.67],[0,0],[7.7,0],[0,0],[-3.85,6.67],[0,0]],"o":[[3.85,-6.67],[0,0],[3.85,6.67],[0,0],[-7.7,0],[0,0],[0,0]],"v":[[49.39,15],[66.71,15],[99.66,72.07],[91,87.07],[25.1,87.07],[16.44,72.07],[49.39,15]]}],"t":0},{"o":{"x":0,"y":0},"i":{"x":1,"y":1},"s":[{"c":true,"i":[[0,0],[-3.85,-6.67],[0,0],[7.7,0],[0,0],[-3.85,6.67],[0,0]],"o":[[3.85,-6.67],[0,0],[3.85,6.67],[0,0],[-7.7,0],[0,0],[0,0]],"v":[[49.39,15],[66.71,15],[99.66,72.07],[91,87.07],[25.1,87.07],[16.44,72.07],[49.39,15]]}],"t":21},{"o":{"x":0,"y":0},"i":{"x":1,"y":1},"s":[{"c":true,"i":[[0,0],[-3.85,-6.67],[0,0],[7.7,0],[0,0],[-3.85,6.67],[0,0]],"o":[[3.85,-6.67],[0,0],[3.85,6.67],[0,0],[-7.7,0],[0,0],[0,0]],"v":[[49.39,15],[66.71,15],[99.66,72.07],[91,87.07],[25.1,87.07],[16.44,72.07],[49.39,15]]}],"t":36},{"o":{"x":0.33,"y":1},"i":{"x":0.68,"y":1},"s":[{"c":true,"i":[[0,0],[-3.85,-6.67],[0,0],[7.7,0],[0,0],[-3.85,6.67],[0,0]],"o":[[3.85,-6.67],[0,0],[3.85,6.67],[0,0],[-7.7,0],[0,0],[0,0]],"v":[[49.39,15],[66.71,15],[99.66,72.07],[91,87.07],[25.1,87.07],[16.44,72.07],[49.39,15]]}],"t":37},{"o":{"x":0,"y":0},"i":{"x":1,"y":1},"s":[{"c":true,"i":[[0,0],[-3.85,-6.67],[0,0],[7.7,0],[0,0],[-3.85,6.67],[0,0]],"o":[[3.85,-6.67],[0,0],[3.85,6.67],[0,0],[-7.7,0],[0,0],[0,0]],"v":[[49.39,15],[66.71,15],[99.66,72.07],[91,87.07],[25.1,87.07],[16.44,72.07],[49.39,15]]}],"t":55},{"o":{"x":0,"y":0},"i":{"x":1,"y":1},"s":[{"c":true,"i":[[0,0],[-3.85,-6.67],[0,0],[7.7,0],[0,0],[-3.85,6.67],[0,0]],"o":[[3.85,-6.67],[0,0],[3.85,6.67],[0,0],[-7.7,0],[0,0],[0,0]],"v":[[49.39,15],[66.71,15],[99.66,72.07],[91,87.07],[25.1,87.07],[16.44,72.07],[49.39,15]]}],"t":67},{"o":{"x":0.33,"y":1},"i":{"x":0.68,"y":1},"s":[{"c":true,"i":[[0,0],[-3.85,-6.67],[0,0],[7.7,0],[0,0],[-3.85,6.67],[0,0]],"o":[[3.85,-6.67],[0,0],[3.85,6.67],[0,0],[-7.7,0],[0,0],[0,0]],"v":[[49.39,15],[66.71,15],[99.66,72.07],[91,87.07],[25.1,87.07],[16.44,72.07],[49.39,15]]}],"t":68},{"o":{"x":0,"y":0},"i":{"x":1,"y":1},"s":[{"c":true,"i":[[0,0],[-3.85,-6.67],[0,0],[7.7,0],[0,0],[-3.85,6.67],[0,0]],"o":[[3.85,-6.67],[0,0],[3.85,6.67],[0,0],[-7.7,0],[0,0],[0,0]],"v":[[49.39,15],[66.71,15],[99.66,72.07],[91,87.07],[25.1,87.07],[16.44,72.07],[49.39,15]]}],"t":87},{"s":[{"c":true,"i":[[0,0],[-3.85,-6.67],[0,0],[7.7,0],[0,0],[-3.85,6.67],[0,0]],"o":[[3.85,-6.67],[0,0],[3.85,6.67],[0,0],[-7.7,0],[0,0],[0,0]],"v":[[49.39,15],[66.71,15],[99.66,72.07],[91,87.07],[25.1,87.07],[16.44,72.07],[49.39,15]]}],"t":99}]}},{"ty":"fl","bm":0,"hd":false,"nm":"","c":{"a":1,"k":[{"o":{"x":0.33,"y":1},"i":{"x":0.68,"y":1},"s":[0.851,0.851,0.851],"t":0},{"o":{"x":0,"y":0},"i":{"x":1,"y":1},"s":[0.851,0.851,0.851],"t":21},{"o":{"x":0,"y":0},"i":{"x":1,"y":1},"s":[0.851,0.851,0.851],"t":36},{"o":{"x":0.33,"y":1},"i":{"x":0.68,"y":1},"s":[0.851,0.851,0.851],"t":37},{"o":{"x":0,"y":0},"i":{"x":1,"y":1},"s":[0.851,0.851,0.851],"t":55},{"o":{"x":0,"y":0},"i":{"x":1,"y":1},"s":[0.851,0.851,0.851],"t":67},{"o":{"x":0.33,"y":1},"i":{"x":0.68,"y":1},"s":[0.8079,0.3883,0.71],"t":68},{"o":{"x":0,"y":0},"i":{"x":1,"y":1},"s":[0.8079,0.3883,0.71],"t":87},{"s":[0.8079,0.3883,0.71],"t":99}]},"r":1,"o":{"a":1,"k":[{"o":{"x":0.33,"y":1},"i":{"x":0.68,"y":1},"s":[100],"t":0},{"o":{"x":0,"y":0},"i":{"x":1,"y":1},"s":[100],"t":21},{"o":{"x":0,"y":0},"i":{"x":1,"y":1},"s":[100],"t":36},{"o":{"x":0.33,"y":1},"i":{"x":0.68,"y":1},"s":[100],"t":37},{"o":{"x":0,"y":0},"i":{"x":1,"y":1},"s":[100],"t":55},{"o":{"x":0,"y":0},"i":{"x":1,"y":1},"s":[100],"t":67},{"o":{"x":0.33,"y":1},"i":{"x":0.68,"y":1},"s":[100],"t":68},{"o":{"x":0,"y":0},"i":{"x":1,"y":1},"s":[100],"t":87},{"s":[100],"t":99}]}}],"ind":7},{"ty":4,"nm":"Rectangle 39473","sr":1,"st":0,"op":100.2,"ip":0,"hd":false,"ddd":0,"bm":0,"hasMask":false,"ao":0,"ks":{"a":{"a":1,"k":[{"o":{"x":0.33,"y":1},"i":{"x":0.68,"y":1},"s":[42,42],"t":0},{"o":{"x":0,"y":0},"i":{"x":1,"y":1},"s":[42,42],"t":21},{"o":{"x":0,"y":0},"i":{"x":1,"y":1},"s":[42,42],"t":36},{"o":{"x":0.33,"y":1},"i":{"x":0.68,"y":1},"s":[42,42],"t":37},{"o":{"x":0,"y":0},"i":{"x":1,"y":1},"s":[42,42],"t":55},{"o":{"x":0,"y":0},"i":{"x":1,"y":1},"s":[42,42],"t":67},{"o":{"x":0.33,"y":1},"i":{"x":0.68,"y":1},"s":[42,42],"t":68},{"o":{"x":0,"y":0},"i":{"x":1,"y":1},"s":[42,42],"t":87},{"s":[42,42],"t":99}]},"s":{"a":1,"k":[{"o":{"x":0.33,"y":1},"i":{"x":0.68,"y":1},"s":[100,100],"t":0},{"o":{"x":0,"y":0},"i":{"x":1,"y":1},"s":[100,100],"t":21},{"o":{"x":0,"y":0},"i":{"x":1,"y":1},"s":[100,100],"t":36},{"o":{"x":0.33,"y":1},"i":{"x":0.68,"y":1},"s":[100,100],"t":37},{"o":{"x":0,"y":0},"i":{"x":1,"y":1},"s":[100,100],"t":55},{"o":{"x":0,"y":0},"i":{"x":1,"y":1},"s":[100,100],"t":67},{"o":{"x":0.33,"y":1},"i":{"x":0.68,"y":1},"s":[100,100],"t":68},{"o":{"x":0,"y":0},"i":{"x":1,"y":1},"s":[100,100],"t":87},{"s":[100,100],"t":99}]},"sk":{"a":0,"k":0},"p":{"a":1,"k":[{"o":{"x":0.33,"y":1},"i":{"x":0.68,"y":1},"s":[191.4,290.4],"t":0},{"o":{"x":0,"y":0},"i":{"x":1,"y":1},"s":[191.4,290.4],"t":21},{"o":{"x":0,"y":0},"i":{"x":1,"y":1},"s":[191.4,290.4],"t":36},{"o":{"x":0.33,"y":1},"i":{"x":0.68,"y":1},"s":[191.4,293.4],"t":37},{"o":{"x":0,"y":0},"i":{"x":1,"y":1},"s":[192.4,191.37],"t":55},{"o":{"x":0,"y":0},"i":{"x":1,"y":1},"s":[191.4,297.4],"t":67},{"o":{"x":0.33,"y":1},"i":{"x":0.68,"y":1},"s":[191.4,297.4],"t":68},{"o":{"x":0,"y":0},"i":{"x":1,"y":1},"s":[191.4,297.4],"t":87},{"s":[191.4,297.4],"t":99}]},"r":{"a":1,"k":[{"o":{"x":0.33,"y":1},"i":{"x":0.68,"y":1},"s":[-45],"t":0},{"o":{"x":0,"y":0},"i":{"x":1,"y":1},"s":[-45],"t":21},{"o":{"x":0,"y":0},"i":{"x":1,"y":1},"s":[-45],"t":36},{"o":{"x":0.33,"y":1},"i":{"x":0.68,"y":1},"s":[45],"t":37},{"o":{"x":0,"y":0},"i":{"x":1,"y":1},"s":[120],"t":55},{"o":{"x":0,"y":0},"i":{"x":1,"y":1},"s":[159],"t":67},{"o":{"x":0.33,"y":1},"i":{"x":0.68,"y":1},"s":[159],"t":68},{"o":{"x":0,"y":0},"i":{"x":1,"y":1},"s":[159],"t":87},{"s":[159],"t":99}]},"sa":{"a":0,"k":0},"o":{"a":1,"k":[{"o":{"x":0.33,"y":1},"i":{"x":0.68,"y":1},"s":[0],"t":0},{"o":{"x":0,"y":0},"i":{"x":1,"y":1},"s":[0],"t":21},{"o":{"x":0,"y":0},"i":{"x":1,"y":1},"s":[0],"t":36},{"o":{"x":0.33,"y":1},"i":{"x":0.68,"y":1},"s":[100],"t":37},{"o":{"x":0,"y":0},"i":{"x":1,"y":1},"s":[100],"t":55},{"o":{"x":0,"y":0},"i":{"x":1,"y":1},"s":[100],"t":67},{"o":{"x":0.33,"y":1},"i":{"x":0.68,"y":1},"s":[0],"t":68},{"o":{"x":0,"y":0},"i":{"x":1,"y":1},"s":[0],"t":87},{"s":[0],"t":99}]}},"shapes":[{"ty":"sh","bm":0,"hd":false,"nm":"","d":1,"ks":{"a":1,"k":[{"o":{"x":0.33,"y":1},"i":{"x":0.68,"y":1},"s":[{"c":true,"i":[[0,-11.04],[0,0],[11.04,0],[0,0],[0,11.04],[0,0],[-11.04,0],[0,0]],"o":[[0,0],[0,11.04],[0,0],[-11.04,0],[0,0],[0,-11.04],[0,0],[11.04,0]],"v":[[84,20],[84,64],[64,84],[20,84],[0,64],[0,20],[20,0],[64,0]]}],"t":0},{"o":{"x":0,"y":0},"i":{"x":1,"y":1},"s":[{"c":true,"i":[[0,-11.04],[0,0],[11.04,0],[0,0],[0,11.04],[0,0],[-11.04,0],[0,0]],"o":[[0,0],[0,11.04],[0,0],[-11.04,0],[0,0],[0,-11.04],[0,0],[11.04,0]],"v":[[84,20],[84,64],[64,84],[20,84],[0,64],[0,20],[20,0],[64,0]]}],"t":21},{"o":{"x":0,"y":0},"i":{"x":1,"y":1},"s":[{"c":true,"i":[[0,-11.04],[0,0],[11.04,0],[0,0],[0,11.04],[0,0],[-11.04,0],[0,0]],"o":[[0,0],[0,11.04],[0,0],[-11.04,0],[0,0],[0,-11.04],[0,0],[11.04,0]],"v":[[84,20],[84,64],[64,84],[20,84],[0,64],[0,20],[20,0],[64,0]]}],"t":36},{"o":{"x":0.33,"y":1},"i":{"x":0.68,"y":1},"s":[{"c":true,"i":[[0,-11.04],[0,0],[11.04,0],[0,0],[0,11.04],[0,0],[-11.04,0],[0,0]],"o":[[0,0],[0,11.04],[0,0],[-11.04,0],[0,0],[0,-11.04],[0,0],[11.04,0]],"v":[[84,20],[84,64],[64,84],[20,84],[0,64],[0,20],[20,0],[64,0]]}],"t":37},{"o":{"x":0,"y":0},"i":{"x":1,"y":1},"s":[{"c":true,"i":[[0,-11.04],[0,0],[11.04,0],[0,0],[0,11.04],[0,0],[-11.04,0],[0,0]],"o":[[0,0],[0,11.04],[0,0],[-11.04,0],[0,0],[0,-11.04],[0,0],[11.04,0]],"v":[[84,20],[84,64],[64,84],[20,84],[0,64],[0,20],[20,0],[64,0]]}],"t":55},{"o":{"x":0,"y":0},"i":{"x":1,"y":1},"s":[{"c":true,"i":[[0,-11.04],[0,0],[11.04,0],[0,0],[0,11.04],[0,0],[-11.04,0],[0,0]],"o":[[0,0],[0,11.04],[0,0],[-11.04,0],[0,0],[0,-11.04],[0,0],[11.04,0]],"v":[[84,20],[84,64],[64,84],[20,84],[0,64],[0,20],[20,0],[64,0]]}],"t":67},{"o":{"x":0.33,"y":1},"i":{"x":0.68,"y":1},"s":[{"c":true,"i":[[0,-11.04],[0,0],[11.04,0],[0,0],[0,11.04],[0,0],[-11.04,0],[0,0]],"o":[[0,0],[0,11.04],[0,0],[-11.04,0],[0,0],[0,-11.04],[0,0],[11.04,0]],"v":[[84,20],[84,64],[64,84],[20,84],[0,64],[0,20],[20,0],[64,0]]}],"t":68},{"o":{"x":0,"y":0},"i":{"x":1,"y":1},"s":[{"c":true,"i":[[0,-11.04],[0,0],[11.04,0],[0,0],[0,11.04],[0,0],[-11.04,0],[0,0]],"o":[[0,0],[0,11.04],[0,0],[-11.04,0],[0,0],[0,-11.04],[0,0],[11.04,0]],"v":[[84,20],[84,64],[64,84],[20,84],[0,64],[0,20],[20,0],[64,0]]}],"t":87},{"s":[{"c":true,"i":[[0,-11.04],[0,0],[11.04,0],[0,0],[0,11.04],[0,0],[-11.04,0],[0,0]],"o":[[0,0],[0,11.04],[0,0],[-11.04,0],[0,0],[0,-11.04],[0,0],[11.04,0]],"v":[[84,20],[84,64],[64,84],[20,84],[0,64],[0,20],[20,0],[64,0]]}],"t":99}]}},{"ty":"fl","bm":0,"hd":false,"nm":"","c":{"a":1,"k":[{"o":{"x":0.33,"y":1},"i":{"x":0.68,"y":1},"s":[0.851,0.851,0.851],"t":0},{"o":{"x":0,"y":0},"i":{"x":1,"y":1},"s":[0.851,0.851,0.851],"t":21},{"o":{"x":0,"y":0},"i":{"x":1,"y":1},"s":[0.851,0.851,0.851],"t":36},{"o":{"x":0.33,"y":1},"i":{"x":0.68,"y":1},"s":[0.7302,0.4416,1],"t":37},{"o":{"x":0,"y":0},"i":{"x":1,"y":1},"s":[0.7302,0.4416,1],"t":55},{"o":{"x":0,"y":0},"i":{"x":1,"y":1},"s":[0.7302,0.4416,1],"t":67},{"o":{"x":0.33,"y":1},"i":{"x":0.68,"y":1},"s":[0.851,0.851,0.851],"t":68},{"o":{"x":0,"y":0},"i":{"x":1,"y":1},"s":[0.851,0.851,0.851],"t":87},{"s":[0.851,0.851,0.851],"t":99}]},"r":1,"o":{"a":1,"k":[{"o":{"x":0.33,"y":1},"i":{"x":0.68,"y":1},"s":[100],"t":0},{"o":{"x":0,"y":0},"i":{"x":1,"y":1},"s":[100],"t":21},{"o":{"x":0,"y":0},"i":{"x":1,"y":1},"s":[100],"t":36},{"o":{"x":0.33,"y":1},"i":{"x":0.68,"y":1},"s":[100],"t":37},{"o":{"x":0,"y":0},"i":{"x":1,"y":1},"s":[100],"t":55},{"o":{"x":0,"y":0},"i":{"x":1,"y":1},"s":[100],"t":67},{"o":{"x":0.33,"y":1},"i":{"x":0.68,"y":1},"s":[100],"t":68},{"o":{"x":0,"y":0},"i":{"x":1,"y":1},"s":[100],"t":87},{"s":[100],"t":99}]}}],"ind":8},{"ty":4,"nm":"Ellipse 6836","sr":1,"st":0,"op":100.2,"ip":0,"hd":false,"ddd":0,"bm":0,"hasMask":false,"ao":0,"ks":{"a":{"a":1,"k":[{"o":{"x":0.33,"y":1},"i":{"x":0.68,"y":1},"s":[33.5,4],"t":0},{"o":{"x":0,"y":0},"i":{"x":1,"y":1},"s":[59.5,4],"t":21},{"o":{"x":0,"y":0},"i":{"x":1,"y":1},"s":[33.5,4],"t":36},{"o":{"x":0.33,"y":1},"i":{"x":0.68,"y":1},"s":[33.5,4],"t":37},{"o":{"x":0,"y":0},"i":{"x":1,"y":1},"s":[59.5,4],"t":55},{"o":{"x":0,"y":0},"i":{"x":1,"y":1},"s":[33.5,4],"t":67},{"o":{"x":0.33,"y":1},"i":{"x":0.68,"y":1},"s":[33.5,4],"t":68},{"o":{"x":0,"y":0},"i":{"x":1,"y":1},"s":[59.5,4],"t":87},{"s":[33.5,4],"t":99}]},"s":{"a":1,"k":[{"o":{"x":0.33,"y":1},"i":{"x":0.68,"y":1},"s":[100,100],"t":0},{"o":{"x":0,"y":0},"i":{"x":1,"y":1},"s":[100,100],"t":21},{"o":{"x":0,"y":0},"i":{"x":1,"y":1},"s":[100,100],"t":36},{"o":{"x":0.33,"y":1},"i":{"x":0.68,"y":1},"s":[100,100],"t":37},{"o":{"x":0,"y":0},"i":{"x":1,"y":1},"s":[100,100],"t":55},{"o":{"x":0,"y":0},"i":{"x":1,"y":1},"s":[100,100],"t":67},{"o":{"x":0.33,"y":1},"i":{"x":0.68,"y":1},"s":[100,100],"t":68},{"o":{"x":0,"y":0},"i":{"x":1,"y":1},"s":[100,100],"t":87},{"s":[100,100],"t":99}]},"sk":{"a":0,"k":0},"p":{"a":1,"k":[{"o":{"x":0.33,"y":1},"i":{"x":0.68,"y":1},"s":[191.5,346],"t":0},{"o":{"x":0,"y":0},"i":{"x":1,"y":1},"s":[191.5,346],"t":21},{"o":{"x":0,"y":0},"i":{"x":1,"y":1},"s":[191.5,346],"t":36},{"o":{"x":0.33,"y":1},"i":{"x":0.68,"y":1},"s":[191.5,346],"t":37},{"o":{"x":0,"y":0},"i":{"x":1,"y":1},"s":[191.5,346],"t":55},{"o":{"x":0,"y":0},"i":{"x":1,"y":1},"s":[191.5,346],"t":67},{"o":{"x":0.33,"y":1},"i":{"x":0.68,"y":1},"s":[191.5,346],"t":68},{"o":{"x":0,"y":0},"i":{"x":1,"y":1},"s":[191.5,346],"t":87},{"s":[191.5,346],"t":99}]},"r":{"a":1,"k":[{"o":{"x":0.33,"y":1},"i":{"x":0.68,"y":1},"s":[0],"t":0},{"o":{"x":0,"y":0},"i":{"x":1,"y":1},"s":[0],"t":21},{"o":{"x":0,"y":0},"i":{"x":1,"y":1},"s":[0],"t":36},{"o":{"x":0.33,"y":1},"i":{"x":0.68,"y":1},"s":[0],"t":37},{"o":{"x":0,"y":0},"i":{"x":1,"y":1},"s":[0],"t":55},{"o":{"x":0,"y":0},"i":{"x":1,"y":1},"s":[0],"t":67},{"o":{"x":0.33,"y":1},"i":{"x":0.68,"y":1},"s":[0],"t":68},{"o":{"x":0,"y":0},"i":{"x":1,"y":1},"s":[0],"t":87},{"s":[0],"t":99}]},"sa":{"a":0,"k":0},"o":{"a":1,"k":[{"o":{"x":0.33,"y":1},"i":{"x":0.68,"y":1},"s":[100],"t":0},{"o":{"x":0,"y":0},"i":{"x":1,"y":1},"s":[100],"t":21},{"o":{"x":0,"y":0},"i":{"x":1,"y":1},"s":[100],"t":36},{"o":{"x":0.33,"y":1},"i":{"x":0.68,"y":1},"s":[100],"t":37},{"o":{"x":0,"y":0},"i":{"x":1,"y":1},"s":[100],"t":55},{"o":{"x":0,"y":0},"i":{"x":1,"y":1},"s":[100],"t":67},{"o":{"x":0.33,"y":1},"i":{"x":0.68,"y":1},"s":[100],"t":68},{"o":{"x":0,"y":0},"i":{"x":1,"y":1},"s":[100],"t":87},{"s":[100],"t":99}]}},"shapes":[{"ty":"sh","bm":0,"hd":false,"nm":"","d":1,"ks":{"a":1,"k":[{"o":{"x":0.33,"y":1},"i":{"x":0.68,"y":1},"s":[{"c":true,"i":[[0,0],[18.5,0],[0,2.21],[-18.5,0],[0,-2.21]],"o":[[0,2.21],[-18.5,0],[0,-2.21],[18.5,0],[0,0]],"v":[[67,4],[33.5,8],[0,4],[33.5,0],[67,4]]}],"t":0},{"o":{"x":0,"y":0},"i":{"x":1,"y":1},"s":[{"c":true,"i":[[0,0],[32.86,0],[0,2.21],[-32.86,0],[0,-2.21]],"o":[[0,2.21],[-32.86,0],[0,-2.21],[32.86,0],[0,0]],"v":[[119,4],[59.5,8],[0,4],[59.5,0],[119,4]]}],"t":21},{"o":{"x":0,"y":0},"i":{"x":1,"y":1},"s":[{"c":true,"i":[[0,0],[18.5,0],[0,2.21],[-18.5,0],[0,-2.21]],"o":[[0,2.21],[-18.5,0],[0,-2.21],[18.5,0],[0,0]],"v":[[67,4],[33.5,8],[0,4],[33.5,0],[67,4]]}],"t":36},{"o":{"x":0.33,"y":1},"i":{"x":0.68,"y":1},"s":[{"c":true,"i":[[0,0],[18.5,0],[0,2.21],[-18.5,0],[0,-2.21]],"o":[[0,2.21],[-18.5,0],[0,-2.21],[18.5,0],[0,0]],"v":[[67,4],[33.5,8],[0,4],[33.5,0],[67,4]]}],"t":37},{"o":{"x":0,"y":0},"i":{"x":1,"y":1},"s":[{"c":true,"i":[[0,0],[32.86,0],[0,2.21],[-32.86,0],[0,-2.21]],"o":[[0,2.21],[-32.86,0],[0,-2.21],[32.86,0],[0,0]],"v":[[119,4],[59.5,8],[0,4],[59.5,0],[119,4]]}],"t":55},{"o":{"x":0,"y":0},"i":{"x":1,"y":1},"s":[{"c":true,"i":[[0,0],[18.5,0],[0,2.21],[-18.5,0],[0,-2.21]],"o":[[0,2.21],[-18.5,0],[0,-2.21],[18.5,0],[0,0]],"v":[[67,4],[33.5,8],[0,4],[33.5,0],[67,4]]}],"t":67},{"o":{"x":0.33,"y":1},"i":{"x":0.68,"y":1},"s":[{"c":true,"i":[[0,0],[18.5,0],[0,2.21],[-18.5,0],[0,-2.21]],"o":[[0,2.21],[-18.5,0],[0,-2.21],[18.5,0],[0,0]],"v":[[67,4],[33.5,8],[0,4],[33.5,0],[67,4]]}],"t":68},{"o":{"x":0,"y":0},"i":{"x":1,"y":1},"s":[{"c":true,"i":[[0,0],[32.86,0],[0,2.21],[-32.86,0],[0,-2.21]],"o":[[0,2.21],[-32.86,0],[0,-2.21],[32.86,0],[0,0]],"v":[[119,4],[59.5,8],[0,4],[59.5,0],[119,4]]}],"t":87},{"s":[{"c":true,"i":[[0,0],[18.5,0],[0,2.21],[-18.5,0],[0,-2.21]],"o":[[0,2.21],[-18.5,0],[0,-2.21],[18.5,0],[0,0]],"v":[[67,4],[33.5,8],[0,4],[33.5,0],[67,4]]}],"t":99}]}},{"ty":"fl","bm":0,"hd":false,"nm":"","c":{"a":1,"k":[{"o":{"x":0.33,"y":1},"i":{"x":0.68,"y":1},"s":[0.5314,0.5314,0.5314],"t":0},{"o":{"x":0,"y":0},"i":{"x":1,"y":1},"s":[0.6842,0.6842,0.6842],"t":21},{"o":{"x":0,"y":0},"i":{"x":1,"y":1},"s":[0.5314,0.5314,0.5314],"t":36},{"o":{"x":0.33,"y":1},"i":{"x":0.68,"y":1},"s":[0.5314,0.5314,0.5314],"t":37},{"o":{"x":0,"y":0},"i":{"x":1,"y":1},"s":[0.6842,0.6842,0.6842],"t":55},{"o":{"x":0,"y":0},"i":{"x":1,"y":1},"s":[0.5314,0.5314,0.5314],"t":67},{"o":{"x":0.33,"y":1},"i":{"x":0.68,"y":1},"s":[0.5314,0.5314,0.5314],"t":68},{"o":{"x":0,"y":0},"i":{"x":1,"y":1},"s":[0.6842,0.6842,0.6842],"t":87},{"s":[0.5314,0.5314,0.5314],"t":99}]},"r":1,"o":{"a":1,"k":[{"o":{"x":0.33,"y":1},"i":{"x":0.68,"y":1},"s":[100],"t":0},{"o":{"x":0,"y":0},"i":{"x":1,"y":1},"s":[100],"t":21},{"o":{"x":0,"y":0},"i":{"x":1,"y":1},"s":[100],"t":36},{"o":{"x":0.33,"y":1},"i":{"x":0.68,"y":1},"s":[100],"t":37},{"o":{"x":0,"y":0},"i":{"x":1,"y":1},"s":[100],"t":55},{"o":{"x":0,"y":0},"i":{"x":1,"y":1},"s":[100],"t":67},{"o":{"x":0.33,"y":1},"i":{"x":0.68,"y":1},"s":[100],"t":68},{"o":{"x":0,"y":0},"i":{"x":1,"y":1},"s":[100],"t":87},{"s":[100],"t":99}]}}],"ind":9},{"ty":4,"nm":"Ellipse 6835","sr":1,"st":0,"op":100.2,"ip":0,"hd":false,"ddd":0,"bm":0,"hasMask":false,"ao":0,"ks":{"a":{"a":1,"k":[{"o":{"x":0.33,"y":1},"i":{"x":0.68,"y":1},"s":[47.5,47.5],"t":0},{"o":{"x":0,"y":0},"i":{"x":1,"y":1},"s":[47.5,47.5],"t":21},{"o":{"x":0,"y":0},"i":{"x":1,"y":1},"s":[47.5,47.5],"t":36},{"o":{"x":0.33,"y":1},"i":{"x":0.68,"y":1},"s":[47.5,47.5],"t":37},{"o":{"x":0,"y":0},"i":{"x":1,"y":1},"s":[47.5,47.5],"t":55},{"o":{"x":0,"y":0},"i":{"x":1,"y":1},"s":[47.5,47.5],"t":67},{"o":{"x":0.33,"y":1},"i":{"x":0.68,"y":1},"s":[47.5,47.5],"t":68},{"o":{"x":0,"y":0},"i":{"x":1,"y":1},"s":[47.5,47.5],"t":87},{"s":[47.5,47.5],"t":99}]},"s":{"a":1,"k":[{"o":{"x":0.33,"y":1},"i":{"x":0.68,"y":1},"s":[100,100],"t":0},{"o":{"x":0,"y":0},"i":{"x":1,"y":1},"s":[100,100],"t":21},{"o":{"x":0,"y":0},"i":{"x":1,"y":1},"s":[100,100],"t":36},{"o":{"x":0.33,"y":1},"i":{"x":0.68,"y":1},"s":[100,100],"t":37},{"o":{"x":0,"y":0},"i":{"x":1,"y":1},"s":[100,100],"t":55},{"o":{"x":0,"y":0},"i":{"x":1,"y":1},"s":[100,100],"t":67},{"o":{"x":0.33,"y":1},"i":{"x":0.68,"y":1},"s":[100,100],"t":68},{"o":{"x":0,"y":0},"i":{"x":1,"y":1},"s":[100,100],"t":87},{"s":[100,100],"t":99}]},"sk":{"a":0,"k":0},"p":{"a":1,"k":[{"o":{"x":0.33,"y":1},"i":{"x":0.68,"y":1},"s":[191.5,298.5],"t":0},{"o":{"x":0,"y":0},"i":{"x":1,"y":1},"s":[191.5,183.5],"t":21},{"o":{"x":0,"y":0},"i":{"x":1,"y":1},"s":[191.5,297.5],"t":36},{"o":{"x":0.33,"y":1},"i":{"x":0.68,"y":1},"s":[191.5,297.5],"t":37},{"o":{"x":0,"y":0},"i":{"x":1,"y":1},"s":[191.5,297.5],"t":55},{"o":{"x":0,"y":0},"i":{"x":1,"y":1},"s":[191.5,297.5],"t":67},{"o":{"x":0.33,"y":1},"i":{"x":0.68,"y":1},"s":[191.5,297.5],"t":68},{"o":{"x":0,"y":0},"i":{"x":1,"y":1},"s":[191.5,297.5],"t":87},{"s":[191.5,297.5],"t":99}]},"r":{"a":1,"k":[{"o":{"x":0.33,"y":1},"i":{"x":0.68,"y":1},"s":[0],"t":0},{"o":{"x":0,"y":0},"i":{"x":1,"y":1},"s":[0],"t":21},{"o":{"x":0,"y":0},"i":{"x":1,"y":1},"s":[0],"t":36},{"o":{"x":0.33,"y":1},"i":{"x":0.68,"y":1},"s":[0],"t":37},{"o":{"x":0,"y":0},"i":{"x":1,"y":1},"s":[0],"t":55},{"o":{"x":0,"y":0},"i":{"x":1,"y":1},"s":[0],"t":67},{"o":{"x":0.33,"y":1},"i":{"x":0.68,"y":1},"s":[0],"t":68},{"o":{"x":0,"y":0},"i":{"x":1,"y":1},"s":[0],"t":87},{"s":[0],"t":99}]},"sa":{"a":0,"k":0},"o":{"a":1,"k":[{"o":{"x":0.33,"y":1},"i":{"x":0.68,"y":1},"s":[100],"t":0},{"o":{"x":0,"y":0},"i":{"x":1,"y":1},"s":[100],"t":21},{"o":{"x":0,"y":0},"i":{"x":1,"y":1},"s":[100],"t":36},{"o":{"x":0.33,"y":1},"i":{"x":0.68,"y":1},"s":[0],"t":37},{"o":{"x":0,"y":0},"i":{"x":1,"y":1},"s":[0],"t":55},{"o":{"x":0,"y":0},"i":{"x":1,"y":1},"s":[0],"t":67},{"o":{"x":0.33,"y":1},"i":{"x":0.68,"y":1},"s":[0],"t":68},{"o":{"x":0,"y":0},"i":{"x":1,"y":1},"s":[0],"t":87},{"s":[0],"t":99}]}},"shapes":[{"ty":"sh","bm":0,"hd":false,"nm":"","d":1,"ks":{"a":1,"k":[{"o":{"x":0.33,"y":1},"i":{"x":0.68,"y":1},"s":[{"c":true,"i":[[0,0],[26.23,0],[0,26.23],[-26.23,0],[0,-26.23]],"o":[[0,26.23],[-26.23,0],[0,-26.23],[26.23,0],[0,0]],"v":[[95,47.5],[47.5,95],[0,47.5],[47.5,0],[95,47.5]]}],"t":0},{"o":{"x":0,"y":0},"i":{"x":1,"y":1},"s":[{"c":true,"i":[[0,0],[26.23,0],[0,26.23],[-26.23,0],[0,-26.23]],"o":[[0,26.23],[-26.23,0],[0,-26.23],[26.23,0],[0,0]],"v":[[95,47.5],[47.5,95],[0,47.5],[47.5,0],[95,47.5]]}],"t":21},{"o":{"x":0,"y":0},"i":{"x":1,"y":1},"s":[{"c":true,"i":[[0,0],[26.23,0],[0,26.23],[-26.23,0],[0,-26.23]],"o":[[0,26.23],[-26.23,0],[0,-26.23],[26.23,0],[0,0]],"v":[[95,47.5],[47.5,95],[0,47.5],[47.5,0],[95,47.5]]}],"t":36},{"o":{"x":0.33,"y":1},"i":{"x":0.68,"y":1},"s":[{"c":true,"i":[[0,0],[26.23,0],[0,26.23],[-26.23,0],[0,-26.23]],"o":[[0,26.23],[-26.23,0],[0,-26.23],[26.23,0],[0,0]],"v":[[95,47.5],[47.5,95],[0,47.5],[47.5,0],[95,47.5]]}],"t":37},{"o":{"x":0,"y":0},"i":{"x":1,"y":1},"s":[{"c":true,"i":[[0,0],[26.23,0],[0,26.23],[-26.23,0],[0,-26.23]],"o":[[0,26.23],[-26.23,0],[0,-26.23],[26.23,0],[0,0]],"v":[[95,47.5],[47.5,95],[0,47.5],[47.5,0],[95,47.5]]}],"t":55},{"o":{"x":0,"y":0},"i":{"x":1,"y":1},"s":[{"c":true,"i":[[0,0],[26.23,0],[0,26.23],[-26.23,0],[0,-26.23]],"o":[[0,26.23],[-26.23,0],[0,-26.23],[26.23,0],[0,0]],"v":[[95,47.5],[47.5,95],[0,47.5],[47.5,0],[95,47.5]]}],"t":67},{"o":{"x":0.33,"y":1},"i":{"x":0.68,"y":1},"s":[{"c":true,"i":[[0,0],[26.23,0],[0,26.23],[-26.23,0],[0,-26.23]],"o":[[0,26.23],[-26.23,0],[0,-26.23],[26.23,0],[0,0]],"v":[[95,47.5],[47.5,95],[0,47.5],[47.5,0],[95,47.5]]}],"t":68},{"o":{"x":0,"y":0},"i":{"x":1,"y":1},"s":[{"c":true,"i":[[0,0],[26.23,0],[0,26.23],[-26.23,0],[0,-26.23]],"o":[[0,26.23],[-26.23,0],[0,-26.23],[26.23,0],[0,0]],"v":[[95,47.5],[47.5,95],[0,47.5],[47.5,0],[95,47.5]]}],"t":87},{"s":[{"c":true,"i":[[0,0],[26.23,0],[0,26.23],[-26.23,0],[0,-26.23]],"o":[[0,26.23],[-26.23,0],[0,-26.23],[26.23,0],[0,0]],"v":[[95,47.5],[47.5,95],[0,47.5],[47.5,0],[95,47.5]]}],"t":99}]}},{"ty":"fl","bm":0,"hd":false,"nm":"","c":{"a":1,"k":[{"o":{"x":0.33,"y":1},"i":{"x":0.68,"y":1},"s":[0,0.6667,1],"t":0},{"o":{"x":0,"y":0},"i":{"x":1,"y":1},"s":[0,0.6667,1],"t":21},{"o":{"x":0,"y":0},"i":{"x":1,"y":1},"s":[0,0.6667,1],"t":36},{"o":{"x":0.33,"y":1},"i":{"x":0.68,"y":1},"s":[0.851,0.851,0.851],"t":37},{"o":{"x":0,"y":0},"i":{"x":1,"y":1},"s":[0.851,0.851,0.851],"t":55},{"o":{"x":0,"y":0},"i":{"x":1,"y":1},"s":[0.851,0.851,0.851],"t":67},{"o":{"x":0.33,"y":1},"i":{"x":0.68,"y":1},"s":[0.851,0.851,0.851],"t":68},{"o":{"x":0,"y":0},"i":{"x":1,"y":1},"s":[0.851,0.851,0.851],"t":87},{"s":[0.851,0.851,0.851],"t":99}]},"r":1,"o":{"a":1,"k":[{"o":{"x":0.33,"y":1},"i":{"x":0.68,"y":1},"s":[100],"t":0},{"o":{"x":0,"y":0},"i":{"x":1,"y":1},"s":[100],"t":21},{"o":{"x":0,"y":0},"i":{"x":1,"y":1},"s":[100],"t":36},{"o":{"x":0.33,"y":1},"i":{"x":0.68,"y":1},"s":[100],"t":37},{"o":{"x":0,"y":0},"i":{"x":1,"y":1},"s":[100],"t":55},{"o":{"x":0,"y":0},"i":{"x":1,"y":1},"s":[100],"t":67},{"o":{"x":0.33,"y":1},"i":{"x":0.68,"y":1},"s":[100],"t":68},{"o":{"x":0,"y":0},"i":{"x":1,"y":1},"s":[100],"t":87},{"s":[100],"t":99}]}}],"ind":10}],"v":"5.7.0","fr":60,"op":99.2,"ip":0,"assets":[]}